directory_path,created_at,reason
C:\Users\steve\Projects\gradient-institution\CRISIS_LITURGIES\03_RELEASE_PROFILES,2026-07-13T23:57:43Z,exact destination parent for CL-MIG-001 COPY
C:\Users\steve\Projects\gradient-institution\CRISIS_LITURGIES\04_COLLECTION_REGISTRY,2026-07-13T23:57:43Z,exact destination parent for CL-MIG-001 COPY
C:\Users\steve\Projects\gradient-institution\CRISIS_LITURGIES\00_INSTITUTIONAL_CONTROL,2026-07-13T23:57:43Z,exact destination parent for CL-MIG-001 COPY
C:\Users\steve\Projects\gradient-institution\CRISIS_LITURGIES\00_INSTITUTIONAL_CONTROL\accepted_decisions,2026-07-13T23:57:43Z,exact destination parent for CL-MIG-001 COPY
C:\Users\steve\Projects\gradient-institution\CRISIS_LITURGIES\00_INSTITUTIONAL_CONTROL\authority,2026-07-13T23:57:43Z,exact destination parent for CL-MIG-001 COPY
C:\Users\steve\Projects\gradient-institution\CRISIS_LITURGIES\00_PROJECT_CONTROL\CL_PHASE_00_EVIDENCE,2026-07-13T23:57:43Z,exact destination parent for CL-MIG-001 COPY
C:\Users\steve\Projects\gradient-institution\CRISIS_LITURGIES\00_PROJECT_CONTROL\CL_PHASE_02_AUTHORITY,2026-07-13T23:57:43Z,exact destination parent for CL-MIG-001 COPY
C:\Users\steve\Projects\gradient-institution\CRISIS_LITURGIES\06_BUILDER,2026-07-13T23:57:43Z,exact destination parent for CL-MIG-001 COPY
C:\Users\steve\Projects\gradient-institution\CRISIS_LITURGIES\06_BUILDER\schemas,2026-07-13T23:57:43Z,exact destination parent for CL-MIG-001 COPY
C:\Users\steve\Projects\gradient-institution\CRISIS_LITURGIES\00_INSTITUTIONAL_CONTROL\registries,2026-07-13T23:57:43Z,exact destination parent for CL-MIG-001 COPY
C:\Users\steve\Projects\gradient-institution\CRISIS_LITURGIES\00_INSTITUTIONAL_CONTROL\registries\mirrors,2026-07-13T23:57:43Z,exact destination parent for CL-MIG-001 COPY
C:\Users\steve\Projects\gradient-institution\CRISIS_LITURGIES\03_RELEASE_PROFILES\deferred,2026-07-13T23:57:43Z,exact destination parent for CL-MIG-001 COPY
C:\Users\steve\Projects\gradient-institution\CRISIS_LITURGIES\03_RELEASE_PROFILES\deferred\CL_DEATH_OF_THE_BIT_SPECIAL_PROFILE,2026-07-13T23:57:43Z,exact destination parent for CL-MIG-001 COPY
