allowlist_record_id,repository_relative_path,absolute_path,exists_in_worktree,exists_in_HEAD,filesystem_type,git_status_before,expected_git_status_from_phase_02m,status_consistent,file_bytes_if_applicable,sha256_if_file,symlink,submodule_or_gitlink,binary_detected,deletion_detected,rename_or_copy_detected,safe_to_stage,blocking_reason
GCS-CL-02M-0016,CRISIS_LITURGIES/00_PROJECT_CONTROL/01_PROGRAM_GOVERNANCE/CL_CONV_001_CHACHIPTI_PACKET_AUDIT_2026-07-12.md,C:/Users/steve/Projects/gradient-institution/CRISIS_LITURGIES/00_PROJECT_CONTROL/01_PROGRAM_GOVERNANCE/CL_CONV_001_CHACHIPTI_PACKET_AUDIT_2026-07-12.md,YES,NO,FILE,??,??,YES,9042,cb3a680d903fe6bc0be6a23f640e2b67a3a2f0c700c847894f2db83cc91f4054,NO,NO,NO,NO,NO,YES,
GCS-CL-02M-0017,CRISIS_LITURGIES/00_PROJECT_CONTROL/01_PROGRAM_GOVERNANCE/CL_PROD_ARCH_001A_RATIFICATION_AND_NAMED_PATCH_RECORD_2026-07-13.json,C:/Users/steve/Projects/gradient-institution/CRISIS_LITURGIES/00_PROJECT_CONTROL/01_PROGRAM_GOVERNANCE/CL_PROD_ARCH_001A_RATIFICATION_AND_NAMED_PATCH_RECORD_2026-07-13.json,YES,NO,FILE,??,??,YES,8043,748e10eb7b5cd97ecd4a9e380435257ae35820f95ea1c9b4908b4ad05aa2cd1e,NO,NO,NO,NO,NO,YES,
GCS-CL-02M-0018,CRISIS_LITURGIES/00_PROJECT_CONTROL/01_PROGRAM_GOVERNANCE/CL_PROD_ARCH_001A_RATIFICATION_AND_NAMED_PATCH_RECORD_2026-07-13.json.admission.json,C:/Users/steve/Projects/gradient-institution/CRISIS_LITURGIES/00_PROJECT_CONTROL/01_PROGRAM_GOVERNANCE/CL_PROD_ARCH_001A_RATIFICATION_AND_NAMED_PATCH_RECORD_2026-07-13.json.admission.json,YES,NO,FILE,??,??,YES,1121,1253df93af20f25893a48103f8451d9843767c9f84d90b021f9ab864614f1b9f,NO,NO,NO,NO,NO,YES,
GCS-CL-02M-0019,CRISIS_LITURGIES/00_PROJECT_CONTROL/01_PROGRAM_GOVERNANCE/CL_PROD_ARCH_001A_RATIFICATION_AND_NAMED_PATCH_RECORD_2026-07-13.md,C:/Users/steve/Projects/gradient-institution/CRISIS_LITURGIES/00_PROJECT_CONTROL/01_PROGRAM_GOVERNANCE/CL_PROD_ARCH_001A_RATIFICATION_AND_NAMED_PATCH_RECORD_2026-07-13.md,YES,NO,FILE,??,??,YES,8089,275202a24950daea7ffc0a2a370448f424ace8e9e4b698b48447e13242073fd8,NO,NO,NO,NO,NO,YES,
GCS-CL-02M-0020,CRISIS_LITURGIES/00_PROJECT_CONTROL/01_PROGRAM_GOVERNANCE/CL_PROD_ARCH_001A_RATIFICATION_AND_NAMED_PATCH_RECORD_2026-07-13.md.admission.json,C:/Users/steve/Projects/gradient-institution/CRISIS_LITURGIES/00_PROJECT_CONTROL/01_PROGRAM_GOVERNANCE/CL_PROD_ARCH_001A_RATIFICATION_AND_NAMED_PATCH_RECORD_2026-07-13.md.admission.json,YES,NO,FILE,??,??,YES,1117,846f728a1069e2d503bc64efc23e5d71bb7011c90c080d446e65629e8e2b739a,NO,NO,NO,NO,NO,YES,
GCS-CL-02M-0021,CRISIS_LITURGIES/00_PROJECT_CONTROL/03_PHASE_EVIDENCE/CL_PHASE_00B_CURSOR_DISK_INVENTORY_RECONCILIATION_2026-07-13.json,C:/Users/steve/Projects/gradient-institution/CRISIS_LITURGIES/00_PROJECT_CONTROL/03_PHASE_EVIDENCE/CL_PHASE_00B_CURSOR_DISK_INVENTORY_RECONCILIATION_2026-07-13.json,YES,NO,FILE,??,??,YES,5293,57dd0c4f4e3226d6f23d38a78de37ad7957bfb8a08137ebde2d15e8c9d414bec,NO,NO,NO,NO,NO,YES,
GCS-CL-02M-0022,CRISIS_LITURGIES/00_PROJECT_CONTROL/03_PHASE_EVIDENCE/CL_PHASE_00B_CURSOR_DISK_INVENTORY_RECONCILIATION_2026-07-13.json.admission.json,C:/Users/steve/Projects/gradient-institution/CRISIS_LITURGIES/00_PROJECT_CONTROL/03_PHASE_EVIDENCE/CL_PHASE_00B_CURSOR_DISK_INVENTORY_RECONCILIATION_2026-07-13.json.admission.json,YES,NO,FILE,??,??,YES,1185,c8f336442093f03abf9ea9c48f4b3a1ec0dc4e95548f8b1afb76311ce441b3d9,NO,NO,NO,NO,NO,YES,
GCS-CL-02M-0023,CRISIS_LITURGIES/00_PROJECT_CONTROL/03_PHASE_EVIDENCE/CL_PHASE_00B_CURSOR_DISK_INVENTORY_RECONCILIATION_2026-07-13.md,C:/Users/steve/Projects/gradient-institution/CRISIS_LITURGIES/00_PROJECT_CONTROL/03_PHASE_EVIDENCE/CL_PHASE_00B_CURSOR_DISK_INVENTORY_RECONCILIATION_2026-07-13.md,YES,NO,FILE,??,??,YES,4551,e824bfe6a7f8fc48644318a13f744ba5d2c1aa2e4da86426881c91a2522cef2b,NO,NO,NO,NO,NO,YES,
GCS-CL-02M-0024,CRISIS_LITURGIES/00_PROJECT_CONTROL/03_PHASE_EVIDENCE/CL_PHASE_00B_CURSOR_DISK_INVENTORY_RECONCILIATION_2026-07-13.md.admission.json,C:/Users/steve/Projects/gradient-institution/CRISIS_LITURGIES/00_PROJECT_CONTROL/03_PHASE_EVIDENCE/CL_PHASE_00B_CURSOR_DISK_INVENTORY_RECONCILIATION_2026-07-13.md.admission.json,YES,NO,FILE,??,??,YES,1181,4799d92781882cddc8f3fb826b9a87a74b613aa00ff93ff7284ac3b65645a64b,NO,NO,NO,NO,NO,YES,
GCS-CL-02M-0025,CRISIS_LITURGIES/00_PROJECT_CONTROL/03_PHASE_EVIDENCE/CL_PHASE_00B_STATUS_UPDATE_2026-07-13.md,C:/Users/steve/Projects/gradient-institution/CRISIS_LITURGIES/00_PROJECT_CONTROL/03_PHASE_EVIDENCE/CL_PHASE_00B_STATUS_UPDATE_2026-07-13.md,YES,NO,FILE,??,??,YES,697,f0d71382ec14ade9aeb8c350976389bbbd60cf37c3f2cca0bf75be3751f44ce1,NO,NO,NO,NO,NO,YES,
GCS-CL-02M-0026,CRISIS_LITURGIES/00_PROJECT_CONTROL/03_PHASE_EVIDENCE/CL_PHASE_00B_STATUS_UPDATE_2026-07-13.md.admission.json,C:/Users/steve/Projects/gradient-institution/CRISIS_LITURGIES/00_PROJECT_CONTROL/03_PHASE_EVIDENCE/CL_PHASE_00B_STATUS_UPDATE_2026-07-13.md.admission.json,YES,NO,FILE,??,??,YES,1135,9e47e5575dd7d5007d657119eb59777276fb7ba4fd3a922cc2dc7ed6fa5647cb,NO,NO,NO,NO,NO,YES,
GCS-CL-02M-0027,CRISIS_LITURGIES/00_PROJECT_CONTROL/03_PHASE_EVIDENCE/CL_PHASE_00C_PACKAGE_INTEGRITY_PATCH_PACKET_2026-07-13.md,C:/Users/steve/Projects/gradient-institution/CRISIS_LITURGIES/00_PROJECT_CONTROL/03_PHASE_EVIDENCE/CL_PHASE_00C_PACKAGE_INTEGRITY_PATCH_PACKET_2026-07-13.md,YES,NO,FILE,??,??,YES,1816,fbe46d68e0893ac8bf98341cd532652ff77275508d1b30375438cabaec225cbc,NO,NO,NO,NO,NO,YES,
GCS-CL-02M-0028,CRISIS_LITURGIES/00_PROJECT_CONTROL/03_PHASE_EVIDENCE/CL_PHASE_00C_PACKAGE_INTEGRITY_PATCH_PACKET_2026-07-13.md.admission.json,C:/Users/steve/Projects/gradient-institution/CRISIS_LITURGIES/00_PROJECT_CONTROL/03_PHASE_EVIDENCE/CL_PHASE_00C_PACKAGE_INTEGRITY_PATCH_PACKET_2026-07-13.md.admission.json,YES,NO,FILE,??,??,YES,1169,e79208156a7253c087186b5aa5d51f70072818929923d874ec4fe7d1647a76a3,NO,NO,NO,NO,NO,YES,
GCS-CL-02M-0029,CRISIS_LITURGIES/00_PROJECT_CONTROL/03_PHASE_EVIDENCE/CL_PHASE_00_CURSOR_READONLY_INVENTORY_PACKET_2026-07-13.md,C:/Users/steve/Projects/gradient-institution/CRISIS_LITURGIES/00_PROJECT_CONTROL/03_PHASE_EVIDENCE/CL_PHASE_00_CURSOR_READONLY_INVENTORY_PACKET_2026-07-13.md,YES,NO,FILE,??,??,YES,4990,98ebaec3f432ebf4d3cf34daf0e1fd8b40ac3bc6c0a29a9a3d8f377a9962dffe,NO,NO,NO,NO,NO,YES,
GCS-CL-02M-0030,CRISIS_LITURGIES/00_PROJECT_CONTROL/03_PHASE_EVIDENCE/CL_PHASE_00_CURSOR_READONLY_INVENTORY_PACKET_2026-07-13.md.admission.json,C:/Users/steve/Projects/gradient-institution/CRISIS_LITURGIES/00_PROJECT_CONTROL/03_PHASE_EVIDENCE/CL_PHASE_00_CURSOR_READONLY_INVENTORY_PACKET_2026-07-13.md.admission.json,YES,NO,FILE,??,??,YES,1171,302870a20c5d02bf97000a953b035e407e71bf2fce21ceab5d4532844c3cfd17,NO,NO,NO,NO,NO,YES,
GCS-CL-02M-0031,CRISIS_LITURGIES/00_PROJECT_CONTROL/03_PHASE_EVIDENCE/CL_PHASE_00_EVIDENCE_FREEZE_COMPLETION_REPORT_2026-07-13.md,C:/Users/steve/Projects/gradient-institution/CRISIS_LITURGIES/00_PROJECT_CONTROL/03_PHASE_EVIDENCE/CL_PHASE_00_EVIDENCE_FREEZE_COMPLETION_REPORT_2026-07-13.md,YES,NO,FILE,??,??,YES,2060,66eef2386e14a8602738e7f9cc5f3cfd3c83cf50ba218ff043de7ea684e6967c,NO,NO,NO,NO,NO,YES,
GCS-CL-02M-0032,CRISIS_LITURGIES/00_PROJECT_CONTROL/03_PHASE_EVIDENCE/CL_PHASE_00_EVIDENCE_FREEZE_COMPLETION_REPORT_2026-07-13.md.admission.json,C:/Users/steve/Projects/gradient-institution/CRISIS_LITURGIES/00_PROJECT_CONTROL/03_PHASE_EVIDENCE/CL_PHASE_00_EVIDENCE_FREEZE_COMPLETION_REPORT_2026-07-13.md.admission.json,YES,NO,FILE,??,??,YES,1173,697bbf9cec80e598d571b2296690478f66c5315ed27d9ee0d8f87ff50b86b79a,NO,NO,NO,NO,NO,YES,
GCS-CL-02M-0033,CRISIS_LITURGIES/00_PROJECT_CONTROL/03_PHASE_EVIDENCE/CL_PHASE_00_MASTER_CONFLICT_LEDGER_2026-07-13.json,C:/Users/steve/Projects/gradient-institution/CRISIS_LITURGIES/00_PROJECT_CONTROL/03_PHASE_EVIDENCE/CL_PHASE_00_MASTER_CONFLICT_LEDGER_2026-07-13.json,YES,NO,FILE,??,??,YES,10531,6017f61299c9aa11319ef25fa505098dec4e0729800917f04e73da9c29115609,NO,NO,NO,NO,NO,YES,
GCS-CL-02M-0034,CRISIS_LITURGIES/00_PROJECT_CONTROL/03_PHASE_EVIDENCE/CL_PHASE_00_MASTER_CONFLICT_LEDGER_2026-07-13.json.admission.json,C:/Users/steve/Projects/gradient-institution/CRISIS_LITURGIES/00_PROJECT_CONTROL/03_PHASE_EVIDENCE/CL_PHASE_00_MASTER_CONFLICT_LEDGER_2026-07-13.json.admission.json,YES,NO,FILE,??,??,YES,1155,76b50d2e8aa002bb1692cda21d33efe5a8997466eb7ab28ecfe0f478c5e32667,NO,NO,NO,NO,NO,YES,
GCS-CL-02M-0035,CRISIS_LITURGIES/00_PROJECT_CONTROL/03_PHASE_EVIDENCE/CL_PHASE_00_MASTER_CONFLICT_LEDGER_2026-07-13.md,C:/Users/steve/Projects/gradient-institution/CRISIS_LITURGIES/00_PROJECT_CONTROL/03_PHASE_EVIDENCE/CL_PHASE_00_MASTER_CONFLICT_LEDGER_2026-07-13.md,YES,NO,FILE,??,??,YES,4336,af019314861256545b691307d9593f62f260e92c62c05c7b39c07cec18506228,NO,NO,NO,NO,NO,YES,
GCS-CL-02M-0036,CRISIS_LITURGIES/00_PROJECT_CONTROL/03_PHASE_EVIDENCE/CL_PHASE_00_MASTER_CONFLICT_LEDGER_2026-07-13.md.admission.json,C:/Users/steve/Projects/gradient-institution/CRISIS_LITURGIES/00_PROJECT_CONTROL/03_PHASE_EVIDENCE/CL_PHASE_00_MASTER_CONFLICT_LEDGER_2026-07-13.md.admission.json,YES,NO,FILE,??,??,YES,1151,fadf4bd20f53311f963a137bb421205f7c933943bb9e2178ecf526688b18dded,NO,NO,NO,NO,NO,YES,
GCS-CL-02M-0037,CRISIS_LITURGIES/00_PROJECT_CONTROL/03_PHASE_EVIDENCE/CL_PHASE_00_MASTER_EVIDENCE_REGISTER_2026-07-13.json,C:/Users/steve/Projects/gradient-institution/CRISIS_LITURGIES/00_PROJECT_CONTROL/03_PHASE_EVIDENCE/CL_PHASE_00_MASTER_EVIDENCE_REGISTER_2026-07-13.json,YES,NO,FILE,??,??,YES,24954,ef53e1a4342cec06abd78ca04de2ee911a42809c0054f38a1a6916bd7f983434,NO,NO,NO,NO,NO,YES,
GCS-CL-02M-0038,CRISIS_LITURGIES/00_PROJECT_CONTROL/03_PHASE_EVIDENCE/CL_PHASE_00_MASTER_EVIDENCE_REGISTER_2026-07-13.json.admission.json,C:/Users/steve/Projects/gradient-institution/CRISIS_LITURGIES/00_PROJECT_CONTROL/03_PHASE_EVIDENCE/CL_PHASE_00_MASTER_EVIDENCE_REGISTER_2026-07-13.json.admission.json,YES,NO,FILE,??,??,YES,1159,a31372a6b23df0b4d8d8f42ae991cca4693270329a46bd9457eda43ed390f9f6,NO,NO,NO,NO,NO,YES,
GCS-CL-02M-0039,CRISIS_LITURGIES/00_PROJECT_CONTROL/03_PHASE_EVIDENCE/CL_PHASE_00_MASTER_EVIDENCE_REGISTER_2026-07-13.md,C:/Users/steve/Projects/gradient-institution/CRISIS_LITURGIES/00_PROJECT_CONTROL/03_PHASE_EVIDENCE/CL_PHASE_00_MASTER_EVIDENCE_REGISTER_2026-07-13.md,YES,NO,FILE,??,??,YES,11517,e4caeaba165b32f76022b8194c68d3b3cc6c2d327376fe94db35044630a8ff29,NO,NO,NO,NO,NO,YES,
GCS-CL-02M-0040,CRISIS_LITURGIES/00_PROJECT_CONTROL/03_PHASE_EVIDENCE/CL_PHASE_00_MASTER_EVIDENCE_REGISTER_2026-07-13.md.admission.json,C:/Users/steve/Projects/gradient-institution/CRISIS_LITURGIES/00_PROJECT_CONTROL/03_PHASE_EVIDENCE/CL_PHASE_00_MASTER_EVIDENCE_REGISTER_2026-07-13.md.admission.json,YES,NO,FILE,??,??,YES,1155,a74512c67be539af5b6588adc211b6491879ae1ed8d8ffd540aeeb8c6a382c93,NO,NO,NO,NO,NO,YES,
GCS-CL-02M-0041,CRISIS_LITURGIES/00_PROJECT_CONTROL/03_PHASE_EVIDENCE/CL_PHASE_00_PACKAGE_MANIFEST_2026-07-13.json,C:/Users/steve/Projects/gradient-institution/CRISIS_LITURGIES/00_PROJECT_CONTROL/03_PHASE_EVIDENCE/CL_PHASE_00_PACKAGE_MANIFEST_2026-07-13.json,YES,NO,FILE,??,??,YES,2054,012d6f93f20d8399079688dd8b4fdeeea246468bc750ea2fe97814f4deb178ed,NO,NO,NO,NO,NO,YES,
GCS-CL-02M-0042,CRISIS_LITURGIES/00_PROJECT_CONTROL/03_PHASE_EVIDENCE/CL_PHASE_00_PACKAGE_MANIFEST_2026-07-13.json.admission.json,C:/Users/steve/Projects/gradient-institution/CRISIS_LITURGIES/00_PROJECT_CONTROL/03_PHASE_EVIDENCE/CL_PHASE_00_PACKAGE_MANIFEST_2026-07-13.json.admission.json,YES,NO,FILE,??,??,YES,1143,222fe24774bb9747fb8b64b2d04e04c8566a6f8177e9e5d9e373efada26b29c3,NO,NO,NO,NO,NO,YES,
GCS-CL-02M-0043,CRISIS_LITURGIES/00_PROJECT_CONTROL/03_PHASE_EVIDENCE/CL_PHASE_00_QUARANTINE_REGISTER_2026-07-13.json,C:/Users/steve/Projects/gradient-institution/CRISIS_LITURGIES/00_PROJECT_CONTROL/03_PHASE_EVIDENCE/CL_PHASE_00_QUARANTINE_REGISTER_2026-07-13.json,YES,NO,FILE,??,??,YES,8606,39723cf4cabfd16ccb106c4f4fd3ef106bce5a49760d91be7f1cef03de34cad1,NO,NO,NO,NO,NO,YES,
GCS-CL-02M-0044,CRISIS_LITURGIES/00_PROJECT_CONTROL/03_PHASE_EVIDENCE/CL_PHASE_00_QUARANTINE_REGISTER_2026-07-13.json.admission.json,C:/Users/steve/Projects/gradient-institution/CRISIS_LITURGIES/00_PROJECT_CONTROL/03_PHASE_EVIDENCE/CL_PHASE_00_QUARANTINE_REGISTER_2026-07-13.json.admission.json,YES,NO,FILE,??,??,YES,1149,272f95aeb6f802a72e6e960a0a40130d62da87f3f970e30c8da8a57d41b94413,NO,NO,NO,NO,NO,YES,
GCS-CL-02M-0045,CRISIS_LITURGIES/00_PROJECT_CONTROL/03_PHASE_EVIDENCE/CL_PHASE_00_QUARANTINE_REGISTER_2026-07-13.md,C:/Users/steve/Projects/gradient-institution/CRISIS_LITURGIES/00_PROJECT_CONTROL/03_PHASE_EVIDENCE/CL_PHASE_00_QUARANTINE_REGISTER_2026-07-13.md,YES,NO,FILE,??,??,YES,3635,dad4f5dd49b9c685e903e4a7a516ab328e81501a4a29f334843dbc6c7348f87f,NO,NO,NO,NO,NO,YES,
GCS-CL-02M-0046,CRISIS_LITURGIES/00_PROJECT_CONTROL/03_PHASE_EVIDENCE/CL_PHASE_00_QUARANTINE_REGISTER_2026-07-13.md.admission.json,C:/Users/steve/Projects/gradient-institution/CRISIS_LITURGIES/00_PROJECT_CONTROL/03_PHASE_EVIDENCE/CL_PHASE_00_QUARANTINE_REGISTER_2026-07-13.md.admission.json,YES,NO,FILE,??,??,YES,1145,e31c97592a1b2ddd7ce1ad790cc8c4601b126bb3e5db7ff1ec5a40815c6dc427,NO,NO,NO,NO,NO,YES,
GCS-CL-02M-0047,CRISIS_LITURGIES/00_PROJECT_CONTROL/03_PHASE_EVIDENCE/CL_PHASE_00_SOURCE_ROOT_MAP_2026-07-13.json,C:/Users/steve/Projects/gradient-institution/CRISIS_LITURGIES/00_PROJECT_CONTROL/03_PHASE_EVIDENCE/CL_PHASE_00_SOURCE_ROOT_MAP_2026-07-13.json,YES,NO,FILE,??,??,YES,7454,45d67bd14c4684ba88e4913061b2ea353c6bbb79cd2a92113fee9cc85957cfea,NO,NO,NO,NO,NO,YES,
GCS-CL-02M-0048,CRISIS_LITURGIES/00_PROJECT_CONTROL/03_PHASE_EVIDENCE/CL_PHASE_00_SOURCE_ROOT_MAP_2026-07-13.json.admission.json,C:/Users/steve/Projects/gradient-institution/CRISIS_LITURGIES/00_PROJECT_CONTROL/03_PHASE_EVIDENCE/CL_PHASE_00_SOURCE_ROOT_MAP_2026-07-13.json.admission.json,YES,NO,FILE,??,??,YES,1141,ba06d7edd108517df80791cedbb3771dcc4b7e28069470853d069902520a91d7,NO,NO,NO,NO,NO,YES,
GCS-CL-02M-0049,CRISIS_LITURGIES/00_PROJECT_CONTROL/03_PHASE_EVIDENCE/CL_PHASE_00_SOURCE_ROOT_MAP_2026-07-13.md,C:/Users/steve/Projects/gradient-institution/CRISIS_LITURGIES/00_PROJECT_CONTROL/03_PHASE_EVIDENCE/CL_PHASE_00_SOURCE_ROOT_MAP_2026-07-13.md,YES,NO,FILE,??,??,YES,4717,a1551a3cd2a0c8003e9475917acb2a214592da04e85e1595262502d8d0c54a4f,NO,NO,NO,NO,NO,YES,
GCS-CL-02M-0050,CRISIS_LITURGIES/00_PROJECT_CONTROL/03_PHASE_EVIDENCE/CL_PHASE_00_SOURCE_ROOT_MAP_2026-07-13.md.admission.json,C:/Users/steve/Projects/gradient-institution/CRISIS_LITURGIES/00_PROJECT_CONTROL/03_PHASE_EVIDENCE/CL_PHASE_00_SOURCE_ROOT_MAP_2026-07-13.md.admission.json,YES,NO,FILE,??,??,YES,1137,e2c06c74eb0b6c29cdbbd829d1bf66a12dd8e6bf6110db5517fecc21cabc1d54,NO,NO,NO,NO,NO,YES,
GCS-CL-02M-0051,CRISIS_LITURGIES/00_PROJECT_CONTROL/05_BUILDER_CONTRACTS/CL_PHASE_02C_EXTERNAL_BINARY_REFERENCE_SCHEMA.json,C:/Users/steve/Projects/gradient-institution/CRISIS_LITURGIES/00_PROJECT_CONTROL/05_BUILDER_CONTRACTS/CL_PHASE_02C_EXTERNAL_BINARY_REFERENCE_SCHEMA.json,YES,NO,FILE,??,??,YES,2690,c4b4ddd98e3ee9f98d72f67270ba95db71bb751c14ff128105601beb5c04f491,NO,NO,NO,NO,NO,YES,
GCS-CL-02M-0052,CRISIS_LITURGIES/00_PROJECT_CONTROL/05_BUILDER_CONTRACTS/CL_PHASE_02C_MIGRATION_MANIFEST_SCHEMA.json,C:/Users/steve/Projects/gradient-institution/CRISIS_LITURGIES/00_PROJECT_CONTROL/05_BUILDER_CONTRACTS/CL_PHASE_02C_MIGRATION_MANIFEST_SCHEMA.json,YES,NO,FILE,??,??,YES,7746,661ceb80321000c9c69313c66c2b1b64c07efbe3ba16fbe23900c82bf030dc3b,NO,NO,NO,NO,NO,YES,
GCS-CL-02M-0053,CRISIS_LITURGIES/00_PROJECT_CONTROL/CL_PHASE_02B_PLANNING_QC/CL_MIG_001_AUTHORITY_EXCEPTION_LEDGER.csv,C:/Users/steve/Projects/gradient-institution/CRISIS_LITURGIES/00_PROJECT_CONTROL/CL_PHASE_02B_PLANNING_QC/CL_MIG_001_AUTHORITY_EXCEPTION_LEDGER.csv,YES,NO,FILE,??,??,YES,3733,85f316394cf5130180ab8ede33cfe894abc381ec586bdfbef92ba0bb816d03fd,NO,NO,NO,NO,NO,YES,
GCS-CL-02M-0054,CRISIS_LITURGIES/00_PROJECT_CONTROL/CL_PHASE_02B_PLANNING_QC/CL_MIG_001_BATCH_SCOPE.md,C:/Users/steve/Projects/gradient-institution/CRISIS_LITURGIES/00_PROJECT_CONTROL/CL_PHASE_02B_PLANNING_QC/CL_MIG_001_BATCH_SCOPE.md,YES,NO,FILE,??,??,YES,2467,d1edd7e50e29f0f2221647a842d465c3f9d6435f4bf917e6360174d00a361f3c,NO,NO,NO,NO,NO,YES,
GCS-CL-02M-0055,CRISIS_LITURGIES/00_PROJECT_CONTROL/CL_PHASE_02B_PLANNING_QC/CL_MIG_001_COLLISION_MATRIX.csv,C:/Users/steve/Projects/gradient-institution/CRISIS_LITURGIES/00_PROJECT_CONTROL/CL_PHASE_02B_PLANNING_QC/CL_MIG_001_COLLISION_MATRIX.csv,YES,NO,FILE,??,??,YES,26916,f27eed167fe562194a76125ae2799cdc3b3073e2fc6e048652c54050a307ad89,NO,NO,NO,NO,NO,YES,
GCS-CL-02M-0056,CRISIS_LITURGIES/00_PROJECT_CONTROL/CL_PHASE_02B_PLANNING_QC/CL_MIG_001_FILE_LEVEL_MANIFEST.csv,C:/Users/steve/Projects/gradient-institution/CRISIS_LITURGIES/00_PROJECT_CONTROL/CL_PHASE_02B_PLANNING_QC/CL_MIG_001_FILE_LEVEL_MANIFEST.csv,YES,NO,FILE,??,??,YES,65229,c5f5a1a3ebb80e00789ad8a153166d19c1c64f2f44346f4e41687559b7c40e48,NO,NO,NO,NO,NO,YES,
GCS-CL-02M-0057,CRISIS_LITURGIES/00_PROJECT_CONTROL/CL_PHASE_02B_PLANNING_QC/CL_MIG_001_ROLLBACK_VALIDATION.md,C:/Users/steve/Projects/gradient-institution/CRISIS_LITURGIES/00_PROJECT_CONTROL/CL_PHASE_02B_PLANNING_QC/CL_MIG_001_ROLLBACK_VALIDATION.md,YES,NO,FILE,??,??,YES,1967,4431cf97ac82f5d1b37c23036a0740dc5753f8e14e01f7011ba855c3cb3c122c,NO,NO,NO,NO,NO,YES,
GCS-CL-02M-0058,CRISIS_LITURGIES/00_PROJECT_CONTROL/CL_PHASE_02B_PLANNING_QC/CL_MIG_001_ZERO_WRITE_DRY_RUN.csv,C:/Users/steve/Projects/gradient-institution/CRISIS_LITURGIES/00_PROJECT_CONTROL/CL_PHASE_02B_PLANNING_QC/CL_MIG_001_ZERO_WRITE_DRY_RUN.csv,YES,NO,FILE,??,??,YES,7538,3e19671027a26bbce7f667fb20a2f9c66e8f2fd64078ea777b04b25cf84550e5,NO,NO,NO,NO,NO,YES,
GCS-CL-02M-0059,CRISIS_LITURGIES/00_PROJECT_CONTROL/CL_PHASE_02B_PLANNING_QC/CL_PHASE_02B_ARTIFACT_REGISTER.csv,C:/Users/steve/Projects/gradient-institution/CRISIS_LITURGIES/00_PROJECT_CONTROL/CL_PHASE_02B_PLANNING_QC/CL_PHASE_02B_ARTIFACT_REGISTER.csv,YES,NO,FILE,??,??,YES,5642,b41d2cce173826d53216ef1bb1e542834500e5312651e7cc00a1cb55e89b16b7,NO,NO,NO,NO,NO,YES,
GCS-CL-02M-0060,CRISIS_LITURGIES/00_PROJECT_CONTROL/CL_PHASE_02B_PLANNING_QC/CL_PHASE_02B_DESTINATION_OCCUPANCY.csv,C:/Users/steve/Projects/gradient-institution/CRISIS_LITURGIES/00_PROJECT_CONTROL/CL_PHASE_02B_PLANNING_QC/CL_PHASE_02B_DESTINATION_OCCUPANCY.csv,YES,NO,FILE,??,??,YES,7445,751516b791e6a9cf804c9d9f4cd51845e4225b825363d7978f5643ec32502b6a,NO,NO,NO,NO,NO,YES,
GCS-CL-02M-0061,CRISIS_LITURGIES/00_PROJECT_CONTROL/CL_PHASE_02B_PLANNING_QC/CL_PHASE_02B_EXECUTION_RECEIPT.yaml,C:/Users/steve/Projects/gradient-institution/CRISIS_LITURGIES/00_PROJECT_CONTROL/CL_PHASE_02B_PLANNING_QC/CL_PHASE_02B_EXECUTION_RECEIPT.yaml,YES,NO,FILE,??,??,YES,3231,bc61ea36aeb26b8bd7afd7974b1bdd4820ab6ac8dc2b93851df037bc0ecc969c,NO,NO,NO,NO,NO,YES,
GCS-CL-02M-0062,CRISIS_LITURGIES/00_PROJECT_CONTROL/CL_PHASE_02B_PLANNING_QC/CL_PHASE_02B_PLANNING_PACKET_QC.md,C:/Users/steve/Projects/gradient-institution/CRISIS_LITURGIES/00_PROJECT_CONTROL/CL_PHASE_02B_PLANNING_QC/CL_PHASE_02B_PLANNING_PACKET_QC.md,YES,NO,FILE,??,??,YES,5075,c3e7344aab792f5d732e4b2730f314efa14b3936640fb942c80de43afc7c62cd,NO,NO,NO,NO,NO,YES,
GCS-CL-02M-0063,CRISIS_LITURGIES/00_PROJECT_CONTROL/CL_PHASE_02C_PLANNING_REPAIR/CL_MIG_001A_PROGRAM_GOVERNANCE_SCOPE.md,C:/Users/steve/Projects/gradient-institution/CRISIS_LITURGIES/00_PROJECT_CONTROL/CL_PHASE_02C_PLANNING_REPAIR/CL_MIG_001A_PROGRAM_GOVERNANCE_SCOPE.md,YES,NO,FILE,??,??,YES,2741,5002a568a8b3aae1e5f6dc3ef4d0036abf1aabffe19cd56d1fc10498f0517ef7,NO,NO,NO,NO,NO,YES,
GCS-CL-02M-0064,CRISIS_LITURGIES/00_PROJECT_CONTROL/CL_PHASE_02C_PLANNING_REPAIR/CL_MIG_001B_BUILDER_SCHEMA_SCOPE.md,C:/Users/steve/Projects/gradient-institution/CRISIS_LITURGIES/00_PROJECT_CONTROL/CL_PHASE_02C_PLANNING_REPAIR/CL_MIG_001B_BUILDER_SCHEMA_SCOPE.md,YES,NO,FILE,??,??,YES,1658,8948e3627cc502ed6ed5bb000001323c072588cd4d4563a3fcf4c047c568b4bf,NO,NO,NO,NO,NO,YES,
GCS-CL-02M-0065,CRISIS_LITURGIES/00_PROJECT_CONTROL/CL_PHASE_02C_PLANNING_REPAIR/CL_PHASE_02C_EXECUTION_RECEIPT.yaml,C:/Users/steve/Projects/gradient-institution/CRISIS_LITURGIES/00_PROJECT_CONTROL/CL_PHASE_02C_PLANNING_REPAIR/CL_PHASE_02C_EXECUTION_RECEIPT.yaml,YES,NO,FILE,??,??,YES,3551,74b51be35a6cbb8ac90f9a497ea1847f65ea2ff2fec5a54f7416fef6a705ecaf,NO,NO,NO,NO,NO,YES,
GCS-CL-02M-0066,CRISIS_LITURGIES/00_PROJECT_CONTROL/CL_PHASE_02C_PLANNING_REPAIR/CL_PHASE_02C_EXTERNAL_BINARY_REFERENCE_SCHEMA.json,C:/Users/steve/Projects/gradient-institution/CRISIS_LITURGIES/00_PROJECT_CONTROL/CL_PHASE_02C_PLANNING_REPAIR/CL_PHASE_02C_EXTERNAL_BINARY_REFERENCE_SCHEMA.json,YES,NO,FILE,??,??,YES,2690,c4b4ddd98e3ee9f98d72f67270ba95db71bb751c14ff128105601beb5c04f491,NO,NO,NO,NO,NO,YES,
GCS-CL-02M-0067,CRISIS_LITURGIES/00_PROJECT_CONTROL/CL_PHASE_02C_PLANNING_REPAIR/CL_PHASE_02C_MIGRATION_MANIFEST_SCHEMA.json,C:/Users/steve/Projects/gradient-institution/CRISIS_LITURGIES/00_PROJECT_CONTROL/CL_PHASE_02C_PLANNING_REPAIR/CL_PHASE_02C_MIGRATION_MANIFEST_SCHEMA.json,YES,NO,FILE,??,??,YES,7746,661ceb80321000c9c69313c66c2b1b64c07efbe3ba16fbe23900c82bf030dc3b,NO,NO,NO,NO,NO,YES,
GCS-CL-02M-0068,CRISIS_LITURGIES/00_PROJECT_CONTROL/CL_PHASE_02C_PLANNING_REPAIR/CL_PHASE_02C_NON_DESTRUCTIVE_ROLLBACK_DOCTRINE.md,C:/Users/steve/Projects/gradient-institution/CRISIS_LITURGIES/00_PROJECT_CONTROL/CL_PHASE_02C_PLANNING_REPAIR/CL_PHASE_02C_NON_DESTRUCTIVE_ROLLBACK_DOCTRINE.md,YES,NO,FILE,??,??,YES,2566,544f1f0e1e637db9d0accad4616bdee5f5604986c77b6f255d1a8ec4d9accf6b,NO,NO,NO,NO,NO,YES,
GCS-CL-02M-0069,CRISIS_LITURGIES/00_PROJECT_CONTROL/CL_PHASE_02C_PLANNING_REPAIR/CL_PHASE_02C_RATIFICATION_DECISION_REGISTER.csv,C:/Users/steve/Projects/gradient-institution/CRISIS_LITURGIES/00_PROJECT_CONTROL/CL_PHASE_02C_PLANNING_REPAIR/CL_PHASE_02C_RATIFICATION_DECISION_REGISTER.csv,YES,NO,FILE,??,??,YES,3968,2d2877746915a31c14d69f65de67f2f99f908e624053bee187819ff56c74dab7,NO,NO,NO,NO,NO,YES,
GCS-CL-02M-0070,CRISIS_LITURGIES/00_PROJECT_CONTROL/CL_PHASE_02C_PLANNING_REPAIR/CL_PHASE_02C_REPAIR_REGISTER.csv,C:/Users/steve/Projects/gradient-institution/CRISIS_LITURGIES/00_PROJECT_CONTROL/CL_PHASE_02C_PLANNING_REPAIR/CL_PHASE_02C_REPAIR_REGISTER.csv,YES,NO,FILE,??,??,YES,5949,076b9c6f01d3c0076aa579665c5cfd6d1f87debcd0fea668df8582ab6e521819,NO,NO,NO,NO,NO,YES,
GCS-CL-02M-0071,CRISIS_LITURGIES/00_PROJECT_CONTROL/CL_PHASE_02C_PLANNING_REPAIR/CL_PHASE_02C_REVISED_PROGRAM_TOPOLOGY.md,C:/Users/steve/Projects/gradient-institution/CRISIS_LITURGIES/00_PROJECT_CONTROL/CL_PHASE_02C_PLANNING_REPAIR/CL_PHASE_02C_REVISED_PROGRAM_TOPOLOGY.md,YES,NO,FILE,??,??,YES,3835,688becaf1e4afab4c9891684046d10eff48e456b63f9f603e2059dcc04bd00d6,NO,NO,NO,NO,NO,YES,
GCS-CL-02M-0072,CRISIS_LITURGIES/00_PROJECT_CONTROL/CL_PHASE_02C_PLANNING_REPAIR/CL_PHASE_02C_REVISED_SOURCE_TARGET_MAP.csv,C:/Users/steve/Projects/gradient-institution/CRISIS_LITURGIES/00_PROJECT_CONTROL/CL_PHASE_02C_PLANNING_REPAIR/CL_PHASE_02C_REVISED_SOURCE_TARGET_MAP.csv,YES,NO,FILE,??,??,YES,48116,01382b29e7d70988b2efac8dc2b902a35b7ae669fd16e77aaca98a3a5051c541,NO,NO,NO,NO,NO,YES,
GCS-CL-02M-0073,CRISIS_LITURGIES/00_PROJECT_CONTROL/CL_PHASE_02C_PLANNING_REPAIR/CL_PHASE_02C_REVISED_TOPOLOGY_REGISTER.csv,C:/Users/steve/Projects/gradient-institution/CRISIS_LITURGIES/00_PROJECT_CONTROL/CL_PHASE_02C_PLANNING_REPAIR/CL_PHASE_02C_REVISED_TOPOLOGY_REGISTER.csv,YES,NO,FILE,??,??,YES,6720,475f0cb1e89d353cc78a4773df3a21d7d6d3442b5666e515c3c0e9d1074ef680,NO,NO,NO,NO,NO,YES,
GCS-CL-02M-0074,CRISIS_LITURGIES/00_PROJECT_CONTROL/CL_PHASE_02D_RATIFICATION_AND_PARENT_PLAN/CL_PHASE_02D_CHACHIPTI_CLASSIFICATION_QUEUE.csv,C:/Users/steve/Projects/gradient-institution/CRISIS_LITURGIES/00_PROJECT_CONTROL/CL_PHASE_02D_RATIFICATION_AND_PARENT_PLAN/CL_PHASE_02D_CHACHIPTI_CLASSIFICATION_QUEUE.csv,YES,NO,FILE,??,??,YES,5516,d1ae4230088fd711b0a31163426fbe80616b253bfec322689414ec6153b5c648,NO,NO,NO,NO,NO,YES,
GCS-CL-02M-0075,CRISIS_LITURGIES/00_PROJECT_CONTROL/CL_PHASE_02D_RATIFICATION_AND_PARENT_PLAN/CL_PHASE_02D_DESTINATION_PARENT_MANIFEST.csv,C:/Users/steve/Projects/gradient-institution/CRISIS_LITURGIES/00_PROJECT_CONTROL/CL_PHASE_02D_RATIFICATION_AND_PARENT_PLAN/CL_PHASE_02D_DESTINATION_PARENT_MANIFEST.csv,YES,NO,FILE,??,??,YES,7723,82e7b3d15d459634d9c3ad57fb803242ffdada15692a22954cba5c65dbf2dca6,NO,NO,NO,NO,NO,YES,
GCS-CL-02M-0076,CRISIS_LITURGIES/00_PROJECT_CONTROL/CL_PHASE_02D_RATIFICATION_AND_PARENT_PLAN/CL_PHASE_02D_EXECUTION_RECEIPT.yaml,C:/Users/steve/Projects/gradient-institution/CRISIS_LITURGIES/00_PROJECT_CONTROL/CL_PHASE_02D_RATIFICATION_AND_PARENT_PLAN/CL_PHASE_02D_EXECUTION_RECEIPT.yaml,YES,NO,FILE,??,??,YES,3609,58a6b112fd5033cb8e105639cde1c78dfbb4fd1206c6fb37d1dc19366e61c3dc,NO,NO,NO,NO,NO,YES,
GCS-CL-02M-0077,CRISIS_LITURGIES/00_PROJECT_CONTROL/CL_PHASE_02D_RATIFICATION_AND_PARENT_PLAN/CL_PHASE_02D_HUMAN_RATIFICATION_RECORD.md,C:/Users/steve/Projects/gradient-institution/CRISIS_LITURGIES/00_PROJECT_CONTROL/CL_PHASE_02D_RATIFICATION_AND_PARENT_PLAN/CL_PHASE_02D_HUMAN_RATIFICATION_RECORD.md,YES,NO,FILE,??,??,YES,5243,4ee4e2101836aef93bfb43ec85191ec5bf9fd09e05d816f1f410faf173c1bbcf,NO,NO,NO,NO,NO,YES,
GCS-CL-02M-0078,CRISIS_LITURGIES/00_PROJECT_CONTROL/CL_PHASE_02D_RATIFICATION_AND_PARENT_PLAN/CL_PHASE_02D_OPEN_AUTHORITY_REGISTER.csv,C:/Users/steve/Projects/gradient-institution/CRISIS_LITURGIES/00_PROJECT_CONTROL/CL_PHASE_02D_RATIFICATION_AND_PARENT_PLAN/CL_PHASE_02D_OPEN_AUTHORITY_REGISTER.csv,YES,NO,FILE,??,??,YES,2686,4b95ca87cd2cf0d25c550ac6ed09843bf59c0af697196c83e75d96ca7cdcd4c8,NO,NO,NO,NO,NO,YES,
GCS-CL-02M-0079,CRISIS_LITURGIES/00_PROJECT_CONTROL/CL_PHASE_02D_RATIFICATION_AND_PARENT_PLAN/CL_PHASE_02D_PARENT_OCCUPANCY_VERIFICATION.csv,C:/Users/steve/Projects/gradient-institution/CRISIS_LITURGIES/00_PROJECT_CONTROL/CL_PHASE_02D_RATIFICATION_AND_PARENT_PLAN/CL_PHASE_02D_PARENT_OCCUPANCY_VERIFICATION.csv,YES,NO,FILE,??,??,YES,4663,b122ac78f9a48b7c8ae3a7387ba15fb798ae3a89f504789e89acf3f69f2848a4,NO,NO,NO,NO,NO,YES,
GCS-CL-02M-0080,CRISIS_LITURGIES/00_PROJECT_CONTROL/CL_PHASE_02D_RATIFICATION_AND_PARENT_PLAN/CL_PHASE_02D_RATIFICATION_DECISION_REGISTER.csv,C:/Users/steve/Projects/gradient-institution/CRISIS_LITURGIES/00_PROJECT_CONTROL/CL_PHASE_02D_RATIFICATION_AND_PARENT_PLAN/CL_PHASE_02D_RATIFICATION_DECISION_REGISTER.csv,YES,NO,FILE,??,??,YES,4532,806faa3b166dcb13c47c8d8b9a52ed3ca5c07476e190ed953ea7f39790c38325,NO,NO,NO,NO,NO,YES,
GCS-CL-02M-0081,CRISIS_LITURGIES/00_PROJECT_CONTROL/CL_PHASE_02E_PARENT_AUTHORIZATION_REVIEW/CL_PHASE_02E_EXECUTION_RECEIPT.yaml,C:/Users/steve/Projects/gradient-institution/CRISIS_LITURGIES/00_PROJECT_CONTROL/CL_PHASE_02E_PARENT_AUTHORIZATION_REVIEW/CL_PHASE_02E_EXECUTION_RECEIPT.yaml,YES,NO,FILE,??,??,YES,4298,36a57ebdce3e68af757a44d01d16da4b3e05d03d4e1a6e7fd675c30155e6f1e2,NO,NO,NO,NO,NO,YES,
GCS-CL-02M-0082,CRISIS_LITURGIES/00_PROJECT_CONTROL/CL_PHASE_02E_PARENT_AUTHORIZATION_REVIEW/CL_PHASE_02E_EXISTING_PARENT_COMPATIBILITY.csv,C:/Users/steve/Projects/gradient-institution/CRISIS_LITURGIES/00_PROJECT_CONTROL/CL_PHASE_02E_PARENT_AUTHORIZATION_REVIEW/CL_PHASE_02E_EXISTING_PARENT_COMPATIBILITY.csv,YES,NO,FILE,??,??,YES,4900,065deaa5aff18c486363aab045b4be6f738ea9f363ad37f002d44d35d18233f8,NO,NO,NO,NO,NO,YES,
GCS-CL-02M-0083,CRISIS_LITURGIES/00_PROJECT_CONTROL/CL_PHASE_02E_PARENT_AUTHORIZATION_REVIEW/CL_PHASE_02E_HUMAN_AUTHORIZATION_REGISTER.csv,C:/Users/steve/Projects/gradient-institution/CRISIS_LITURGIES/00_PROJECT_CONTROL/CL_PHASE_02E_PARENT_AUTHORIZATION_REVIEW/CL_PHASE_02E_HUMAN_AUTHORIZATION_REGISTER.csv,YES,NO,FILE,??,??,YES,7469,8497853e606488af91a6f35d4e8eff13b0de72b03e1b98843865369021cad1aa,NO,NO,NO,NO,NO,YES,
GCS-CL-02M-0084,CRISIS_LITURGIES/00_PROJECT_CONTROL/CL_PHASE_02E_PARENT_AUTHORIZATION_REVIEW/CL_PHASE_02E_MATERIALIZATION_PRECHECK.csv,C:/Users/steve/Projects/gradient-institution/CRISIS_LITURGIES/00_PROJECT_CONTROL/CL_PHASE_02E_PARENT_AUTHORIZATION_REVIEW/CL_PHASE_02E_MATERIALIZATION_PRECHECK.csv,YES,NO,FILE,??,??,YES,1061,70f23b8038d4d1ed869e9bd7786e0f62ad02965d518d292fbbc2b163a3ae4772,NO,NO,NO,NO,NO,YES,
GCS-CL-02M-0085,CRISIS_LITURGIES/00_PROJECT_CONTROL/CL_PHASE_02E_PARENT_AUTHORIZATION_REVIEW/CL_PHASE_02E_MINIMAL_MATERIALIZATION_SET.csv,C:/Users/steve/Projects/gradient-institution/CRISIS_LITURGIES/00_PROJECT_CONTROL/CL_PHASE_02E_PARENT_AUTHORIZATION_REVIEW/CL_PHASE_02E_MINIMAL_MATERIALIZATION_SET.csv,YES,NO,FILE,??,??,YES,7720,06e1a5b6c679abba265f3516b6edbddd73dce8b929b35e907a887e895bfc0811,NO,NO,NO,NO,NO,YES,
GCS-CL-02M-0086,CRISIS_LITURGIES/00_PROJECT_CONTROL/CL_PHASE_02E_PARENT_AUTHORIZATION_REVIEW/CL_PHASE_02E_PARENT_CREATION_SEQUENCE.csv,C:/Users/steve/Projects/gradient-institution/CRISIS_LITURGIES/00_PROJECT_CONTROL/CL_PHASE_02E_PARENT_AUTHORIZATION_REVIEW/CL_PHASE_02E_PARENT_CREATION_SEQUENCE.csv,YES,NO,FILE,??,??,YES,1005,54f4c76c33267df631cd5a2422e8435d842afe693b0e5c47b55e28370e7dd478,NO,NO,NO,NO,NO,YES,
GCS-CL-02M-0087,CRISIS_LITURGIES/00_PROJECT_CONTROL/CL_PHASE_02E_PARENT_AUTHORIZATION_REVIEW/CL_PHASE_02E_PARENT_NECESSITY_ANALYSIS.csv,C:/Users/steve/Projects/gradient-institution/CRISIS_LITURGIES/00_PROJECT_CONTROL/CL_PHASE_02E_PARENT_AUTHORIZATION_REVIEW/CL_PHASE_02E_PARENT_NECESSITY_ANALYSIS.csv,YES,NO,FILE,??,??,YES,6607,ee2d1e10335dc75a8ccf251c4c2c87e8ec856c4dbdf5c0ec2ab96b4c27fe55c8,NO,NO,NO,NO,NO,YES,
GCS-CL-02M-0088,CRISIS_LITURGIES/00_PROJECT_CONTROL/CL_PHASE_02E_PARENT_AUTHORIZATION_REVIEW/CL_PHASE_02E_PARENT_VERIFICATION_REGISTER.csv,C:/Users/steve/Projects/gradient-institution/CRISIS_LITURGIES/00_PROJECT_CONTROL/CL_PHASE_02E_PARENT_AUTHORIZATION_REVIEW/CL_PHASE_02E_PARENT_VERIFICATION_REGISTER.csv,YES,NO,FILE,??,??,YES,10023,bbcdc046e3afdd01649155ed4d9c10b1438cced4ced8357a2fcab9381d571b09,NO,NO,NO,NO,NO,YES,
GCS-CL-02M-0089,CRISIS_LITURGIES/00_PROJECT_CONTROL/CL_PHASE_02E_PARENT_AUTHORIZATION_REVIEW/CL_PHASE_02E_REVIEW_REPORT.md,C:/Users/steve/Projects/gradient-institution/CRISIS_LITURGIES/00_PROJECT_CONTROL/CL_PHASE_02E_PARENT_AUTHORIZATION_REVIEW/CL_PHASE_02E_REVIEW_REPORT.md,YES,NO,FILE,??,??,YES,6987,6654cc50842b720a4a76863461ecd1473f515bba46f0f0b06bc887e6a5f4d6f2,NO,NO,NO,NO,NO,YES,
GCS-CL-02M-0090,CRISIS_LITURGIES/00_PROJECT_CONTROL/CL_PHASE_02F_PARENT_MATERIALIZATION/CL_PHASE_02F_AFTER_STATE.csv,C:/Users/steve/Projects/gradient-institution/CRISIS_LITURGIES/00_PROJECT_CONTROL/CL_PHASE_02F_PARENT_MATERIALIZATION/CL_PHASE_02F_AFTER_STATE.csv,YES,NO,FILE,??,??,YES,993,6ef1b8f3a90e17f414a6783c3d8102aac1428d0773f2121ae0663a79c7fb5e61,NO,NO,NO,NO,NO,YES,
GCS-CL-02M-0091,CRISIS_LITURGIES/00_PROJECT_CONTROL/CL_PHASE_02F_PARENT_MATERIALIZATION/CL_PHASE_02F_AUTHORIZATION_RECORD.md,C:/Users/steve/Projects/gradient-institution/CRISIS_LITURGIES/00_PROJECT_CONTROL/CL_PHASE_02F_PARENT_MATERIALIZATION/CL_PHASE_02F_AUTHORIZATION_RECORD.md,YES,NO,FILE,??,??,YES,2006,47c803821994888f226840da9fb8a3b182376da512a1f07c2415bb05b5b66ee4,NO,NO,NO,NO,NO,YES,
GCS-CL-02M-0092,CRISIS_LITURGIES/00_PROJECT_CONTROL/CL_PHASE_02F_PARENT_MATERIALIZATION/CL_PHASE_02F_BEFORE_STATE.csv,C:/Users/steve/Projects/gradient-institution/CRISIS_LITURGIES/00_PROJECT_CONTROL/CL_PHASE_02F_PARENT_MATERIALIZATION/CL_PHASE_02F_BEFORE_STATE.csv,YES,NO,FILE,??,??,YES,725,8a79c887f4c980f8d1c3ce0c3fbb3ba9eebdae865f6ff060fda7e6c0a48c0e3f,NO,NO,NO,NO,NO,YES,
GCS-CL-02M-0093,CRISIS_LITURGIES/00_PROJECT_CONTROL/CL_PHASE_02F_PARENT_MATERIALIZATION/CL_PHASE_02F_EXECUTION_RECEIPT.yaml,C:/Users/steve/Projects/gradient-institution/CRISIS_LITURGIES/00_PROJECT_CONTROL/CL_PHASE_02F_PARENT_MATERIALIZATION/CL_PHASE_02F_EXECUTION_RECEIPT.yaml,YES,NO,FILE,??,??,YES,5111,fc30ba454e6d713dc73b09e5d792366876b5defe2e42ecef69acf2cd2cb76a6d,NO,NO,NO,NO,NO,YES,
GCS-CL-02M-0094,CRISIS_LITURGIES/00_PROJECT_CONTROL/CL_PHASE_02F_PARENT_MATERIALIZATION/CL_PHASE_02F_MATERIALIZATION_RECEIPT.csv,C:/Users/steve/Projects/gradient-institution/CRISIS_LITURGIES/00_PROJECT_CONTROL/CL_PHASE_02F_PARENT_MATERIALIZATION/CL_PHASE_02F_MATERIALIZATION_RECEIPT.csv,YES,NO,FILE,??,??,YES,473,c6b0b80de42f475d8bfeeff410e99dcaa45100c41f9ef4f30ce2564a94cda499,NO,NO,NO,NO,NO,YES,
GCS-CL-02M-0095,CRISIS_LITURGIES/00_PROJECT_CONTROL/CL_PHASE_02G_POST_MATERIALIZATION_DRY_RUN/CL_PHASE_02G_CL_MIG_001A_REVIEW.csv,C:/Users/steve/Projects/gradient-institution/CRISIS_LITURGIES/00_PROJECT_CONTROL/CL_PHASE_02G_POST_MATERIALIZATION_DRY_RUN/CL_PHASE_02G_CL_MIG_001A_REVIEW.csv,YES,NO,FILE,??,??,YES,28445,a0b0267de1828c79e0bf91ee5831fbb72b7e6b5e78f7414c355f35197acf0ba8,NO,NO,NO,NO,NO,YES,
GCS-CL-02M-0096,CRISIS_LITURGIES/00_PROJECT_CONTROL/CL_PHASE_02G_POST_MATERIALIZATION_DRY_RUN/CL_PHASE_02G_CL_MIG_001B_REVIEW.csv,C:/Users/steve/Projects/gradient-institution/CRISIS_LITURGIES/00_PROJECT_CONTROL/CL_PHASE_02G_POST_MATERIALIZATION_DRY_RUN/CL_PHASE_02G_CL_MIG_001B_REVIEW.csv,YES,NO,FILE,??,??,YES,2384,628dccf87595282c7c4bfbd1893fb11c4059fdf279f93cbcc5945b546c92d3bb,NO,NO,NO,NO,NO,YES,
GCS-CL-02M-0097,CRISIS_LITURGIES/00_PROJECT_CONTROL/CL_PHASE_02G_POST_MATERIALIZATION_DRY_RUN/CL_PHASE_02G_COLLISION_RECHECK.csv,C:/Users/steve/Projects/gradient-institution/CRISIS_LITURGIES/00_PROJECT_CONTROL/CL_PHASE_02G_POST_MATERIALIZATION_DRY_RUN/CL_PHASE_02G_COLLISION_RECHECK.csv,YES,NO,FILE,??,??,YES,7775,4ec053fd01555fddbd0bac897f47ae24b7f8c3dd0a9b339033d4058a855afe13,NO,NO,NO,NO,NO,YES,
GCS-CL-02M-0098,CRISIS_LITURGIES/00_PROJECT_CONTROL/CL_PHASE_02G_POST_MATERIALIZATION_DRY_RUN/CL_PHASE_02G_COPY_AUTHORIZATION_PACKETS.md,C:/Users/steve/Projects/gradient-institution/CRISIS_LITURGIES/00_PROJECT_CONTROL/CL_PHASE_02G_POST_MATERIALIZATION_DRY_RUN/CL_PHASE_02G_COPY_AUTHORIZATION_PACKETS.md,YES,NO,FILE,??,??,YES,9971,f37da799729687cb5a31775649e4a4e3398a7a10572477984a7fdc1611a105da,NO,NO,NO,NO,NO,YES,
GCS-CL-02M-0099,CRISIS_LITURGIES/00_PROJECT_CONTROL/CL_PHASE_02G_POST_MATERIALIZATION_DRY_RUN/CL_PHASE_02G_CURRENT_CANDIDATE_REGISTER.csv,C:/Users/steve/Projects/gradient-institution/CRISIS_LITURGIES/00_PROJECT_CONTROL/CL_PHASE_02G_POST_MATERIALIZATION_DRY_RUN/CL_PHASE_02G_CURRENT_CANDIDATE_REGISTER.csv,YES,NO,FILE,??,??,YES,61012,503f6140dc8cb040c6d026e055a2d2cd129702abf4fd902d890de1084690922e,NO,NO,NO,NO,NO,YES,
GCS-CL-02M-0100,CRISIS_LITURGIES/00_PROJECT_CONTROL/CL_PHASE_02G_POST_MATERIALIZATION_DRY_RUN/CL_PHASE_02G_EXECUTION_MANIFEST_CANDIDATE.csv,C:/Users/steve/Projects/gradient-institution/CRISIS_LITURGIES/00_PROJECT_CONTROL/CL_PHASE_02G_POST_MATERIALIZATION_DRY_RUN/CL_PHASE_02G_EXECUTION_MANIFEST_CANDIDATE.csv,YES,NO,FILE,??,??,YES,446,fb82dfcbcb89a39d346ea8137e97a33ff9233beae881eea93bb00b84ff24df7f,NO,NO,NO,NO,NO,YES,
GCS-CL-02M-0101,CRISIS_LITURGIES/00_PROJECT_CONTROL/CL_PHASE_02G_POST_MATERIALIZATION_DRY_RUN/CL_PHASE_02G_EXECUTION_RECEIPT.yaml,C:/Users/steve/Projects/gradient-institution/CRISIS_LITURGIES/00_PROJECT_CONTROL/CL_PHASE_02G_POST_MATERIALIZATION_DRY_RUN/CL_PHASE_02G_EXECUTION_RECEIPT.yaml,YES,NO,FILE,??,??,YES,5575,2349efcbe5e78c61602f7f990bfda693bfba2d9acfb3545f09e0ca5478555e05,NO,NO,NO,NO,NO,YES,
GCS-CL-02M-0102,CRISIS_LITURGIES/00_PROJECT_CONTROL/CL_PHASE_02G_POST_MATERIALIZATION_DRY_RUN/CL_PHASE_02G_PREFLIGHT_AND_PARENT_VERIFICATION.csv,C:/Users/steve/Projects/gradient-institution/CRISIS_LITURGIES/00_PROJECT_CONTROL/CL_PHASE_02G_POST_MATERIALIZATION_DRY_RUN/CL_PHASE_02G_PREFLIGHT_AND_PARENT_VERIFICATION.csv,YES,NO,FILE,??,??,YES,2235,5aa484ec30233778b46d3bf2ac722007a4435f812e1b4c608303040753e955f3,NO,NO,NO,NO,NO,YES,
GCS-CL-02M-0103,CRISIS_LITURGIES/00_PROJECT_CONTROL/CL_PHASE_02G_POST_MATERIALIZATION_DRY_RUN/CL_PHASE_02G_ROLLBACK_RECHECK.csv,C:/Users/steve/Projects/gradient-institution/CRISIS_LITURGIES/00_PROJECT_CONTROL/CL_PHASE_02G_POST_MATERIALIZATION_DRY_RUN/CL_PHASE_02G_ROLLBACK_RECHECK.csv,YES,NO,FILE,??,??,YES,12421,ed59788fce8e2586a1239f89da4dd17d4b67875ccadfde0385e554cfae11de02,NO,NO,NO,NO,NO,YES,
GCS-CL-02M-0104,CRISIS_LITURGIES/00_PROJECT_CONTROL/CL_PHASE_02G_POST_MATERIALIZATION_DRY_RUN/CL_PHASE_02G_ZERO_WRITE_DRY_RUN.csv,C:/Users/steve/Projects/gradient-institution/CRISIS_LITURGIES/00_PROJECT_CONTROL/CL_PHASE_02G_POST_MATERIALIZATION_DRY_RUN/CL_PHASE_02G_ZERO_WRITE_DRY_RUN.csv,YES,NO,FILE,??,??,YES,24421,ad9bac77cd77137a3a164ff03f77b13bd025eeaa4f1abde2daed56677be3a712,NO,NO,NO,NO,NO,YES,
GCS-CL-02M-0105,CRISIS_LITURGIES/00_PROJECT_CONTROL/CL_PHASE_02H_FILE_AUTHORITY_ADJUDICATION/CL_PHASE_02H_AUTHORITY_DISPOSITION_REGISTER.csv,C:/Users/steve/Projects/gradient-institution/CRISIS_LITURGIES/00_PROJECT_CONTROL/CL_PHASE_02H_FILE_AUTHORITY_ADJUDICATION/CL_PHASE_02H_AUTHORITY_DISPOSITION_REGISTER.csv,YES,NO,FILE,??,??,YES,11825,ce8342a9bc846701f8aeb38d398a8d3d3a58b0f1e433146c3a19d0810d5fee2d,NO,NO,NO,NO,NO,YES,
GCS-CL-02M-0106,CRISIS_LITURGIES/00_PROJECT_CONTROL/CL_PHASE_02H_FILE_AUTHORITY_ADJUDICATION/CL_PHASE_02H_AUTHORITY_LANGUAGE_EXCEPTIONS.csv,C:/Users/steve/Projects/gradient-institution/CRISIS_LITURGIES/00_PROJECT_CONTROL/CL_PHASE_02H_FILE_AUTHORITY_ADJUDICATION/CL_PHASE_02H_AUTHORITY_LANGUAGE_EXCEPTIONS.csv,YES,NO,FILE,??,??,YES,6198,3b5e26d9f33228efdfbe349241e82a0ca09ae9b4b9dd17519ca4a8e678b5241b,NO,NO,NO,NO,NO,YES,
GCS-CL-02M-0107,CRISIS_LITURGIES/00_PROJECT_CONTROL/CL_PHASE_02H_FILE_AUTHORITY_ADJUDICATION/CL_PHASE_02H_CONTENT_PROVENANCE_REVIEW.csv,C:/Users/steve/Projects/gradient-institution/CRISIS_LITURGIES/00_PROJECT_CONTROL/CL_PHASE_02H_FILE_AUTHORITY_ADJUDICATION/CL_PHASE_02H_CONTENT_PROVENANCE_REVIEW.csv,YES,NO,FILE,??,??,YES,13755,da4b081202e049df39b7d9b8747d94130b9f13da007246a895a7b886c327ac06,NO,NO,NO,NO,NO,YES,
GCS-CL-02M-0108,CRISIS_LITURGIES/00_PROJECT_CONTROL/CL_PHASE_02H_FILE_AUTHORITY_ADJUDICATION/CL_PHASE_02H_EXECUTION_RECEIPT.yaml,C:/Users/steve/Projects/gradient-institution/CRISIS_LITURGIES/00_PROJECT_CONTROL/CL_PHASE_02H_FILE_AUTHORITY_ADJUDICATION/CL_PHASE_02H_EXECUTION_RECEIPT.yaml,YES,NO,FILE,??,??,YES,3847,b86d2ebf089b59656d3dc848d9f601731e714d5fa5956714b79c075e151e2f27,NO,NO,NO,NO,NO,YES,
GCS-CL-02M-0109,CRISIS_LITURGIES/00_PROJECT_CONTROL/CL_PHASE_02H_FILE_AUTHORITY_ADJUDICATION/CL_PHASE_02H_FILE_AUTHORITY_DOCKET.csv,C:/Users/steve/Projects/gradient-institution/CRISIS_LITURGIES/00_PROJECT_CONTROL/CL_PHASE_02H_FILE_AUTHORITY_ADJUDICATION/CL_PHASE_02H_FILE_AUTHORITY_DOCKET.csv,YES,NO,FILE,??,??,YES,19951,7b2cef6e9ee514f238068c6b7b8b94991510315be2823e366d89b9caf78fba06,NO,NO,NO,NO,NO,YES,
GCS-CL-02M-0110,CRISIS_LITURGIES/00_PROJECT_CONTROL/CL_PHASE_02H_FILE_AUTHORITY_ADJUDICATION/CL_PHASE_02H_FILE_RATIFICATION_REGISTER.csv,C:/Users/steve/Projects/gradient-institution/CRISIS_LITURGIES/00_PROJECT_CONTROL/CL_PHASE_02H_FILE_AUTHORITY_ADJUDICATION/CL_PHASE_02H_FILE_RATIFICATION_REGISTER.csv,YES,NO,FILE,??,??,YES,22058,dde3ea7148a3aa47f97e37371870fd447039c4e4cedfebcfe727cab978c7edf5,NO,NO,NO,NO,NO,YES,
GCS-CL-02M-0111,CRISIS_LITURGIES/00_PROJECT_CONTROL/CL_PHASE_02H_FILE_AUTHORITY_ADJUDICATION/CL_PHASE_02H_PREFLIGHT.csv,C:/Users/steve/Projects/gradient-institution/CRISIS_LITURGIES/00_PROJECT_CONTROL/CL_PHASE_02H_FILE_AUTHORITY_ADJUDICATION/CL_PHASE_02H_PREFLIGHT.csv,YES,NO,FILE,??,??,YES,582,c4244821b3f2719dfba34bd827c3e26e69c92acbf8f75bc020a5b849b0cbff28,NO,NO,NO,NO,NO,YES,
GCS-CL-02M-0112,CRISIS_LITURGIES/00_PROJECT_CONTROL/CL_PHASE_02H_FILE_AUTHORITY_ADJUDICATION/CL_PHASE_02H_RATIFICATION_SUMMARY.md,C:/Users/steve/Projects/gradient-institution/CRISIS_LITURGIES/00_PROJECT_CONTROL/CL_PHASE_02H_FILE_AUTHORITY_ADJUDICATION/CL_PHASE_02H_RATIFICATION_SUMMARY.md,YES,NO,FILE,??,??,YES,5399,574c45bace0d5d70f9e5525e530ac0eb66934e0665cc630e629277e3333e3524,NO,NO,NO,NO,NO,YES,
GCS-CL-02M-0113,CRISIS_LITURGIES/00_PROJECT_CONTROL/CL_PHASE_02I_AUTHORITY_RATIFICATION_AND_COPY_PREFLIGHT/CL_PHASE_02I_CL_MIG_001A_COPY_AUTHORIZATION_PACKET.md,C:/Users/steve/Projects/gradient-institution/CRISIS_LITURGIES/00_PROJECT_CONTROL/CL_PHASE_02I_AUTHORITY_RATIFICATION_AND_COPY_PREFLIGHT/CL_PHASE_02I_CL_MIG_001A_COPY_AUTHORIZATION_PACKET.md,YES,NO,FILE,??,??,YES,8642,5b97d307ce9a59cfb705d42b727cea9a2bf54b7141eb7e51e29ddbc2bc7f8c8f,NO,NO,NO,NO,NO,YES,
GCS-CL-02M-0114,CRISIS_LITURGIES/00_PROJECT_CONTROL/CL_PHASE_02I_AUTHORITY_RATIFICATION_AND_COPY_PREFLIGHT/CL_PHASE_02I_CL_MIG_001B_COPY_AUTHORIZATION_PACKET.md,C:/Users/steve/Projects/gradient-institution/CRISIS_LITURGIES/00_PROJECT_CONTROL/CL_PHASE_02I_AUTHORITY_RATIFICATION_AND_COPY_PREFLIGHT/CL_PHASE_02I_CL_MIG_001B_COPY_AUTHORIZATION_PACKET.md,YES,NO,FILE,??,??,YES,2195,ed4da35b70e59853d49cb980428e70c0ffd11048c7dc6c10ecd40f90136f1fb3,NO,NO,NO,NO,NO,YES,
GCS-CL-02M-0115,CRISIS_LITURGIES/00_PROJECT_CONTROL/CL_PHASE_02I_AUTHORITY_RATIFICATION_AND_COPY_PREFLIGHT/CL_PHASE_02I_DESTINATION_AND_LABEL_PLAN.csv,C:/Users/steve/Projects/gradient-institution/CRISIS_LITURGIES/00_PROJECT_CONTROL/CL_PHASE_02I_AUTHORITY_RATIFICATION_AND_COPY_PREFLIGHT/CL_PHASE_02I_DESTINATION_AND_LABEL_PLAN.csv,YES,NO,FILE,??,??,YES,13446,7b35836307369866be514d130a69392a469bbba02b24b884120e78130e0720c3,NO,NO,NO,NO,NO,YES,
GCS-CL-02M-0116,CRISIS_LITURGIES/00_PROJECT_CONTROL/CL_PHASE_02I_AUTHORITY_RATIFICATION_AND_COPY_PREFLIGHT/CL_PHASE_02I_EXECUTION_MANIFEST_CANDIDATE.csv,C:/Users/steve/Projects/gradient-institution/CRISIS_LITURGIES/00_PROJECT_CONTROL/CL_PHASE_02I_AUTHORITY_RATIFICATION_AND_COPY_PREFLIGHT/CL_PHASE_02I_EXECUTION_MANIFEST_CANDIDATE.csv,YES,NO,FILE,??,??,YES,17497,a3f7727e68daf20e72539eef795160dea196f82490e0e9ed9ef0c31f94b23457,NO,NO,NO,NO,NO,YES,
GCS-CL-02M-0117,CRISIS_LITURGIES/00_PROJECT_CONTROL/CL_PHASE_02I_AUTHORITY_RATIFICATION_AND_COPY_PREFLIGHT/CL_PHASE_02I_EXECUTION_RECEIPT.yaml,C:/Users/steve/Projects/gradient-institution/CRISIS_LITURGIES/00_PROJECT_CONTROL/CL_PHASE_02I_AUTHORITY_RATIFICATION_AND_COPY_PREFLIGHT/CL_PHASE_02I_EXECUTION_RECEIPT.yaml,YES,NO,FILE,??,??,YES,4394,ce4ba52b6819d16fa7c96424d721900ebab03399886d4750f4b053d739cf4aa1,NO,NO,NO,NO,NO,YES,
GCS-CL-02M-0118,CRISIS_LITURGIES/00_PROJECT_CONTROL/CL_PHASE_02I_AUTHORITY_RATIFICATION_AND_COPY_PREFLIGHT/CL_PHASE_02I_HUMAN_RATIFICATION_RECORD.md,C:/Users/steve/Projects/gradient-institution/CRISIS_LITURGIES/00_PROJECT_CONTROL/CL_PHASE_02I_AUTHORITY_RATIFICATION_AND_COPY_PREFLIGHT/CL_PHASE_02I_HUMAN_RATIFICATION_RECORD.md,YES,NO,FILE,??,??,YES,3258,08040bc151be7f7d3d058493552f39d5ef511c13a1da5195acb0a10cf70512da,NO,NO,NO,NO,NO,YES,
GCS-CL-02M-0119,CRISIS_LITURGIES/00_PROJECT_CONTROL/CL_PHASE_02I_AUTHORITY_RATIFICATION_AND_COPY_PREFLIGHT/CL_PHASE_02I_RATIFIED_FILE_AUTHORITY_REGISTER.csv,C:/Users/steve/Projects/gradient-institution/CRISIS_LITURGIES/00_PROJECT_CONTROL/CL_PHASE_02I_AUTHORITY_RATIFICATION_AND_COPY_PREFLIGHT/CL_PHASE_02I_RATIFIED_FILE_AUTHORITY_REGISTER.csv,YES,NO,FILE,??,??,YES,16871,a909b68855cc95767d37bbddcfca345ccf4bd9a7f14a5e41fd1ffa6f6615cb6b,NO,NO,NO,NO,NO,YES,
GCS-CL-02M-0120,CRISIS_LITURGIES/00_PROJECT_CONTROL/CL_PHASE_02I_AUTHORITY_RATIFICATION_AND_COPY_PREFLIGHT/CL_PHASE_02I_SOURCE_REVERIFICATION.csv,C:/Users/steve/Projects/gradient-institution/CRISIS_LITURGIES/00_PROJECT_CONTROL/CL_PHASE_02I_AUTHORITY_RATIFICATION_AND_COPY_PREFLIGHT/CL_PHASE_02I_SOURCE_REVERIFICATION.csv,YES,NO,FILE,??,??,YES,6808,363376a14683d54e331a5aa24dfa120b216910ca441990b6c6c2bd835d3983c9,NO,NO,NO,NO,NO,YES,
GCS-CL-02M-0121,CRISIS_LITURGIES/00_PROJECT_CONTROL/CL_PHASE_02I_AUTHORITY_RATIFICATION_AND_COPY_PREFLIGHT/CL_PHASE_02I_ZERO_WRITE_COPY_PREFLIGHT.csv,C:/Users/steve/Projects/gradient-institution/CRISIS_LITURGIES/00_PROJECT_CONTROL/CL_PHASE_02I_AUTHORITY_RATIFICATION_AND_COPY_PREFLIGHT/CL_PHASE_02I_ZERO_WRITE_COPY_PREFLIGHT.csv,YES,NO,FILE,??,??,YES,8092,8e2c9c2be4d61e28e5aa4fcb10911982f037439714dc839522e3033848390b1c,NO,NO,NO,NO,NO,YES,
GCS-CL-02M-0122,CRISIS_LITURGIES/00_PROJECT_CONTROL/CL_PHASE_02J_COMPLETE_EXECUTION_BUNDLE/CL_PHASE_02J_ADMISSION_SIDECAR_PAYLOADS.jsonl,C:/Users/steve/Projects/gradient-institution/CRISIS_LITURGIES/00_PROJECT_CONTROL/CL_PHASE_02J_COMPLETE_EXECUTION_BUNDLE/CL_PHASE_02J_ADMISSION_SIDECAR_PAYLOADS.jsonl,YES,NO,FILE,??,??,YES,42976,b73dd2f18fe1dbbd4b435e806d4b0de0cdfbd2f9797f19f81c9d6ad6147f0fa9,NO,NO,NO,NO,NO,YES,
GCS-CL-02M-0123,CRISIS_LITURGIES/00_PROJECT_CONTROL/CL_PHASE_02J_COMPLETE_EXECUTION_BUNDLE/CL_PHASE_02J_ADMISSION_SIDECAR_SPECIFICATION.md,C:/Users/steve/Projects/gradient-institution/CRISIS_LITURGIES/00_PROJECT_CONTROL/CL_PHASE_02J_COMPLETE_EXECUTION_BUNDLE/CL_PHASE_02J_ADMISSION_SIDECAR_SPECIFICATION.md,YES,NO,FILE,??,??,YES,9057,bdfa6ee739e60f2b088ca50b3dccc07eb5a00e16fd6452158b96068aa5223c3d,NO,NO,NO,NO,NO,YES,
GCS-CL-02M-0124,CRISIS_LITURGIES/00_PROJECT_CONTROL/CL_PHASE_02J_COMPLETE_EXECUTION_BUNDLE/CL_PHASE_02J_CL_MIG_001A_FINAL_AUTHORIZATION_PACKET.md,C:/Users/steve/Projects/gradient-institution/CRISIS_LITURGIES/00_PROJECT_CONTROL/CL_PHASE_02J_COMPLETE_EXECUTION_BUNDLE/CL_PHASE_02J_CL_MIG_001A_FINAL_AUTHORIZATION_PACKET.md,YES,NO,FILE,??,??,YES,12043,147363823944575c53e354b6954758ab59ae0d8a206870b7d8fcb9b9b86d46f1,NO,NO,NO,NO,NO,YES,
GCS-CL-02M-0125,CRISIS_LITURGIES/00_PROJECT_CONTROL/CL_PHASE_02J_COMPLETE_EXECUTION_BUNDLE/CL_PHASE_02J_CL_MIG_001B_FINAL_AUTHORIZATION_PACKET.md,C:/Users/steve/Projects/gradient-institution/CRISIS_LITURGIES/00_PROJECT_CONTROL/CL_PHASE_02J_COMPLETE_EXECUTION_BUNDLE/CL_PHASE_02J_CL_MIG_001B_FINAL_AUTHORIZATION_PACKET.md,YES,NO,FILE,??,??,YES,2370,91d37a1c4198ab01e5746ec9d14d25a7e93d6ad555fae3e9cf927d15db7260bf,NO,NO,NO,NO,NO,YES,
GCS-CL-02M-0126,CRISIS_LITURGIES/00_PROJECT_CONTROL/CL_PHASE_02J_COMPLETE_EXECUTION_BUNDLE/CL_PHASE_02J_COMPLETE_BUNDLE_DRY_RUN.csv,C:/Users/steve/Projects/gradient-institution/CRISIS_LITURGIES/00_PROJECT_CONTROL/CL_PHASE_02J_COMPLETE_EXECUTION_BUNDLE/CL_PHASE_02J_COMPLETE_BUNDLE_DRY_RUN.csv,YES,NO,FILE,??,??,YES,4435,30db06963960d1aabb0487b25430bec11f1344f29d81500fd81df39f94466b4b,NO,NO,NO,NO,NO,YES,
GCS-CL-02M-0127,CRISIS_LITURGIES/00_PROJECT_CONTROL/CL_PHASE_02J_COMPLETE_EXECUTION_BUNDLE/CL_PHASE_02J_COMPLETE_DESTINATION_ARTIFACT_REGISTER.csv,C:/Users/steve/Projects/gradient-institution/CRISIS_LITURGIES/00_PROJECT_CONTROL/CL_PHASE_02J_COMPLETE_EXECUTION_BUNDLE/CL_PHASE_02J_COMPLETE_DESTINATION_ARTIFACT_REGISTER.csv,YES,NO,FILE,??,??,YES,21982,a39f628126150692bcdc7efd608f1622c59b73312789a95b6596b771e5b650fe,NO,NO,NO,NO,NO,YES,
GCS-CL-02M-0128,CRISIS_LITURGIES/00_PROJECT_CONTROL/CL_PHASE_02J_COMPLETE_EXECUTION_BUNDLE/CL_PHASE_02J_CREATION_SEQUENCE.csv,C:/Users/steve/Projects/gradient-institution/CRISIS_LITURGIES/00_PROJECT_CONTROL/CL_PHASE_02J_COMPLETE_EXECUTION_BUNDLE/CL_PHASE_02J_CREATION_SEQUENCE.csv,YES,NO,FILE,??,??,YES,31194,0c5b1899895a117bf4ef3801097924c8e1f44eb72dcb2d9a2f6f3f1c347c1375,NO,NO,NO,NO,NO,YES,
GCS-CL-02M-0129,CRISIS_LITURGIES/00_PROJECT_CONTROL/CL_PHASE_02J_COMPLETE_EXECUTION_BUNDLE/CL_PHASE_02J_EXECUTION_RECEIPT.yaml,C:/Users/steve/Projects/gradient-institution/CRISIS_LITURGIES/00_PROJECT_CONTROL/CL_PHASE_02J_COMPLETE_EXECUTION_BUNDLE/CL_PHASE_02J_EXECUTION_RECEIPT.yaml,YES,NO,FILE,??,??,YES,5128,8312151bebed3dce3ceb5ccbbad9d9a107600a579fd457704c6f0a3e1cf66109,NO,NO,NO,NO,NO,YES,
GCS-CL-02M-0130,CRISIS_LITURGIES/00_PROJECT_CONTROL/CL_PHASE_02J_COMPLETE_EXECUTION_BUNDLE/CL_PHASE_02J_PREFLIGHT.csv,C:/Users/steve/Projects/gradient-institution/CRISIS_LITURGIES/00_PROJECT_CONTROL/CL_PHASE_02J_COMPLETE_EXECUTION_BUNDLE/CL_PHASE_02J_PREFLIGHT.csv,YES,NO,FILE,??,??,YES,658,9f1fe9d9f29da947cdd62a19a87f43f45dc26ecd9f7bdf082347f8880c9e220e,NO,NO,NO,NO,NO,YES,
GCS-CL-02M-0131,CRISIS_LITURGIES/00_PROJECT_CONTROL/CL_PHASE_02J_COMPLETE_EXECUTION_BUNDLE/CL_PHASE_02J_ROLLBACK_BUNDLE.csv,C:/Users/steve/Projects/gradient-institution/CRISIS_LITURGIES/00_PROJECT_CONTROL/CL_PHASE_02J_COMPLETE_EXECUTION_BUNDLE/CL_PHASE_02J_ROLLBACK_BUNDLE.csv,YES,NO,FILE,??,??,YES,12832,8138bb6a7f2f5322f43992ae4718a8c4c8719d0b3f51888a5fda58da421dbfb9,NO,NO,NO,NO,NO,YES,
GCS-CL-02M-0132,CRISIS_LITURGIES/00_PROJECT_CONTROL/CL_PHASE_02J_COMPLETE_EXECUTION_BUNDLE/CL_PHASE_02J_SIDECAR_COLLISION_CHECK.csv,C:/Users/steve/Projects/gradient-institution/CRISIS_LITURGIES/00_PROJECT_CONTROL/CL_PHASE_02J_COMPLETE_EXECUTION_BUNDLE/CL_PHASE_02J_SIDECAR_COLLISION_CHECK.csv,YES,NO,FILE,??,??,YES,6610,e22edbc764e22edd71377c3e8624a9703114df48317a06c75f983a87cbfe2911,NO,NO,NO,NO,NO,YES,
GCS-CL-02M-0133,CRISIS_LITURGIES/00_PROJECT_CONTROL/CL_PHASE_02J_COMPLETE_EXECUTION_BUNDLE/CL_PHASE_02J_SOURCE_REVERIFICATION.csv,C:/Users/steve/Projects/gradient-institution/CRISIS_LITURGIES/00_PROJECT_CONTROL/CL_PHASE_02J_COMPLETE_EXECUTION_BUNDLE/CL_PHASE_02J_SOURCE_REVERIFICATION.csv,YES,NO,FILE,??,??,YES,12500,c96e4a4fe903aa4bef4e40df3ddc07d1631308654cac219781d3ed4f42557d0a,NO,NO,NO,NO,NO,YES,
GCS-CL-02M-0134,CRISIS_LITURGIES/00_PROJECT_CONTROL/CL_PHASE_02K_CL_MIG_001B_EXECUTION/CL_PHASE_02K_AFTER_STATE.csv,C:/Users/steve/Projects/gradient-institution/CRISIS_LITURGIES/00_PROJECT_CONTROL/CL_PHASE_02K_CL_MIG_001B_EXECUTION/CL_PHASE_02K_AFTER_STATE.csv,YES,NO,FILE,??,??,YES,1616,777915322ddfbb0b82cf48bd113b15ff721ddc6a3bf67ded6bcfb36bdc6473c8,NO,NO,NO,NO,NO,YES,
GCS-CL-02M-0135,CRISIS_LITURGIES/00_PROJECT_CONTROL/CL_PHASE_02K_CL_MIG_001B_EXECUTION/CL_PHASE_02K_BEFORE_STATE.csv,C:/Users/steve/Projects/gradient-institution/CRISIS_LITURGIES/00_PROJECT_CONTROL/CL_PHASE_02K_CL_MIG_001B_EXECUTION/CL_PHASE_02K_BEFORE_STATE.csv,YES,NO,FILE,??,??,YES,1466,45d7093883df1df3e12ff98368ad51f9095db67a5805d567eddee0b3606262bf,NO,NO,NO,NO,NO,YES,
GCS-CL-02M-0136,CRISIS_LITURGIES/00_PROJECT_CONTROL/CL_PHASE_02K_CL_MIG_001B_EXECUTION/CL_PHASE_02K_COPY_RECEIPT.csv,C:/Users/steve/Projects/gradient-institution/CRISIS_LITURGIES/00_PROJECT_CONTROL/CL_PHASE_02K_CL_MIG_001B_EXECUTION/CL_PHASE_02K_COPY_RECEIPT.csv,YES,NO,FILE,??,??,YES,1444,bc614f0927c30853b827bd8c36f3f89b1fefdddb165644dffc800ef38a3b040c,NO,NO,NO,NO,NO,YES,
GCS-CL-02M-0137,CRISIS_LITURGIES/00_PROJECT_CONTROL/CL_PHASE_02K_CL_MIG_001B_EXECUTION/CL_PHASE_02K_EXECUTION_RECEIPT.yaml,C:/Users/steve/Projects/gradient-institution/CRISIS_LITURGIES/00_PROJECT_CONTROL/CL_PHASE_02K_CL_MIG_001B_EXECUTION/CL_PHASE_02K_EXECUTION_RECEIPT.yaml,YES,NO,FILE,??,??,YES,7666,2868e6b8d7e790f618e071748301f64bfcf8647add34cb68c51ba8451c87563c,NO,NO,NO,NO,NO,YES,
GCS-CL-02M-0138,CRISIS_LITURGIES/00_PROJECT_CONTROL/CL_PHASE_02K_CL_MIG_001B_EXECUTION/CL_PHASE_02K_HUMAN_COPY_AUTHORIZATION_RECORD.md,C:/Users/steve/Projects/gradient-institution/CRISIS_LITURGIES/00_PROJECT_CONTROL/CL_PHASE_02K_CL_MIG_001B_EXECUTION/CL_PHASE_02K_HUMAN_COPY_AUTHORIZATION_RECORD.md,YES,NO,FILE,??,??,YES,3264,f7325a21b1f43006aa4704d1bd2d2f0c2961b0bf30bc09675450b79f21f6f2e9,NO,NO,NO,NO,NO,YES,
GCS-CL-02M-0139,CRISIS_LITURGIES/00_PROJECT_CONTROL/CL_PHASE_02K_CL_MIG_001B_EXECUTION/CL_PHASE_02K_PREFLIGHT.csv,C:/Users/steve/Projects/gradient-institution/CRISIS_LITURGIES/00_PROJECT_CONTROL/CL_PHASE_02K_CL_MIG_001B_EXECUTION/CL_PHASE_02K_PREFLIGHT.csv,YES,NO,FILE,??,??,YES,958,9abd5052b20eabba44e4bd29c83fca53c7411a780d2237c9f711ebf72f04849d,NO,NO,NO,NO,NO,YES,
GCS-CL-02M-0140,CRISIS_LITURGIES/00_PROJECT_CONTROL/CL_PHASE_02K_CL_MIG_001B_EXECUTION/CL_PHASE_02K_SCHEMA_VALIDATION.csv,C:/Users/steve/Projects/gradient-institution/CRISIS_LITURGIES/00_PROJECT_CONTROL/CL_PHASE_02K_CL_MIG_001B_EXECUTION/CL_PHASE_02K_SCHEMA_VALIDATION.csv,YES,NO,FILE,??,??,YES,594,e61e2eaab66cd865cb0daffd19230a9eedc4b7273af0e743d92203d5e6602524,NO,NO,NO,NO,NO,YES,
GCS-CL-02M-0141,CRISIS_LITURGIES/00_PROJECT_CONTROL/CL_PHASE_02L_CL_MIG_001A_EXECUTION/CL_PHASE_02L_AFTER_STATE.csv,C:/Users/steve/Projects/gradient-institution/CRISIS_LITURGIES/00_PROJECT_CONTROL/CL_PHASE_02L_CL_MIG_001A_EXECUTION/CL_PHASE_02L_AFTER_STATE.csv,YES,NO,FILE,??,??,YES,2924,78408860d89bfe056b13ae7a5a71e8c0c38c07489d3053be4eb6e352d6317010,NO,NO,NO,NO,NO,YES,
GCS-CL-02M-0142,CRISIS_LITURGIES/00_PROJECT_CONTROL/CL_PHASE_02L_CL_MIG_001A_EXECUTION/CL_PHASE_02L_AUTHORITY_CONDITION_VALIDATION.csv,C:/Users/steve/Projects/gradient-institution/CRISIS_LITURGIES/00_PROJECT_CONTROL/CL_PHASE_02L_CL_MIG_001A_EXECUTION/CL_PHASE_02L_AUTHORITY_CONDITION_VALIDATION.csv,YES,NO,FILE,??,??,YES,6221,1145ca21c25d450cfc8ef81d4df0c369a0c3147693c0251a8437f388bde47d30,NO,NO,NO,NO,NO,YES,
GCS-CL-02M-0143,CRISIS_LITURGIES/00_PROJECT_CONTROL/CL_PHASE_02L_CL_MIG_001A_EXECUTION/CL_PHASE_02L_BEFORE_STATE.csv,C:/Users/steve/Projects/gradient-institution/CRISIS_LITURGIES/00_PROJECT_CONTROL/CL_PHASE_02L_CL_MIG_001A_EXECUTION/CL_PHASE_02L_BEFORE_STATE.csv,YES,NO,FILE,??,??,YES,5571,c2792b75cb2b8336314ab74e7538cdadd0d3b7d26e34b1202cbdfd32ec1d2dc2,NO,NO,NO,NO,NO,YES,
GCS-CL-02M-0144,CRISIS_LITURGIES/00_PROJECT_CONTROL/CL_PHASE_02L_CL_MIG_001A_EXECUTION/CL_PHASE_02L_COMPLETE_BATCH_PRECHECK.csv,C:/Users/steve/Projects/gradient-institution/CRISIS_LITURGIES/00_PROJECT_CONTROL/CL_PHASE_02L_CL_MIG_001A_EXECUTION/CL_PHASE_02L_COMPLETE_BATCH_PRECHECK.csv,YES,NO,FILE,??,??,YES,27831,0f41cd6577c7b1ef36d731075ba3d49edae2d2e76d45be5166bd26d0769cd3bf,NO,NO,NO,NO,NO,YES,
GCS-CL-02M-0145,CRISIS_LITURGIES/00_PROJECT_CONTROL/CL_PHASE_02L_CL_MIG_001A_EXECUTION/CL_PHASE_02L_EXECUTION_RECEIPT.yaml,C:/Users/steve/Projects/gradient-institution/CRISIS_LITURGIES/00_PROJECT_CONTROL/CL_PHASE_02L_CL_MIG_001A_EXECUTION/CL_PHASE_02L_EXECUTION_RECEIPT.yaml,YES,NO,FILE,??,??,YES,3628,52af9675de280e1a273fe81f2a4ca93b57742b71734f2a068f031ed4af5c5770,NO,NO,NO,NO,NO,YES,
GCS-CL-02M-0146,CRISIS_LITURGIES/00_PROJECT_CONTROL/CL_PHASE_02L_CL_MIG_001A_EXECUTION/CL_PHASE_02L_HUMAN_COPY_AUTHORIZATION_RECORD.md,C:/Users/steve/Projects/gradient-institution/CRISIS_LITURGIES/00_PROJECT_CONTROL/CL_PHASE_02L_CL_MIG_001A_EXECUTION/CL_PHASE_02L_HUMAN_COPY_AUTHORIZATION_RECORD.md,YES,NO,FILE,??,??,YES,2289,a3a321dc1e1a28e56819d59a0e8c0a851896579f8f7a349da5439133e77d308e,NO,NO,NO,NO,NO,YES,
GCS-CL-02M-0147,CRISIS_LITURGIES/00_PROJECT_CONTROL/CL_PHASE_02L_CL_MIG_001A_EXECUTION/CL_PHASE_02L_NONEXECUTION_CHECK.csv,C:/Users/steve/Projects/gradient-institution/CRISIS_LITURGIES/00_PROJECT_CONTROL/CL_PHASE_02L_CL_MIG_001A_EXECUTION/CL_PHASE_02L_NONEXECUTION_CHECK.csv,YES,NO,FILE,??,??,YES,411,1765fd44afb6544fc3d3e2a8c393e12e7017fcb06c55676a1f8c548f472094c1,NO,NO,NO,NO,NO,YES,
GCS-CL-02M-0148,CRISIS_LITURGIES/00_PROJECT_CONTROL/CL_PHASE_02L_CL_MIG_001A_EXECUTION/CL_PHASE_02L_PREFLIGHT.csv,C:/Users/steve/Projects/gradient-institution/CRISIS_LITURGIES/00_PROJECT_CONTROL/CL_PHASE_02L_CL_MIG_001A_EXECUTION/CL_PHASE_02L_PREFLIGHT.csv,YES,NO,FILE,??,??,YES,759,40430c117b3eee8f4bc569cd30af243d815ac6d7331f3cfe3e3c198dbb877b05,NO,NO,NO,NO,NO,YES,
GCS-CL-02M-0149,CRISIS_LITURGIES/00_PROJECT_CONTROL/CL_PHASE_02L_CL_MIG_001A_EXECUTION/CL_PHASE_02L_SIDECAR_CREATION_RECEIPT.csv,C:/Users/steve/Projects/gradient-institution/CRISIS_LITURGIES/00_PROJECT_CONTROL/CL_PHASE_02L_CL_MIG_001A_EXECUTION/CL_PHASE_02L_SIDECAR_CREATION_RECEIPT.csv,YES,NO,FILE,??,??,YES,11890,210756efbf56a7ea7edd7bf53579349c27fa32d437b54b0580e573fbee289840,NO,NO,NO,NO,NO,YES,
GCS-CL-02M-0150,CRISIS_LITURGIES/00_PROJECT_CONTROL/CL_PHASE_02L_CL_MIG_001A_EXECUTION/CL_PHASE_02L_SOURCE_COPY_RECEIPT.csv,C:/Users/steve/Projects/gradient-institution/CRISIS_LITURGIES/00_PROJECT_CONTROL/CL_PHASE_02L_CL_MIG_001A_EXECUTION/CL_PHASE_02L_SOURCE_COPY_RECEIPT.csv,YES,NO,FILE,??,??,YES,11610,5211c187ee07c85d11cfe7e64fb7743d041a1343d2d96cc845d33ad0e51babe0,NO,NO,NO,NO,NO,YES,
GCS-CL-02M-0151,CRISIS_LITURGIES/00_PROJECT_CONTROL/CL_PHASE_02_PLANNING/CL_EXTERNAL_BINARY_REFERENCE.schema.json,C:/Users/steve/Projects/gradient-institution/CRISIS_LITURGIES/00_PROJECT_CONTROL/CL_PHASE_02_PLANNING/CL_EXTERNAL_BINARY_REFERENCE.schema.json,YES,NO,FILE,??,??,YES,3914,de8ce977d82ba3f026881b6d9e16130c9388028f36bea6f55751a9b33265090f,NO,NO,NO,NO,NO,YES,
GCS-CL-02M-0152,CRISIS_LITURGIES/00_PROJECT_CONTROL/CL_PHASE_02_PLANNING/CL_EXTERNAL_BINARY_REFERENCE.schema.v1.1.json,C:/Users/steve/Projects/gradient-institution/CRISIS_LITURGIES/00_PROJECT_CONTROL/CL_PHASE_02_PLANNING/CL_EXTERNAL_BINARY_REFERENCE.schema.v1.1.json,YES,NO,FILE,??,??,YES,4976,98bea0629f51586790bb1593fbdc7b77f1700dec9002de9557d3170f59011844,NO,NO,NO,NO,NO,YES,
GCS-CL-02M-0153,CRISIS_LITURGIES/00_PROJECT_CONTROL/CL_PHASE_02_PLANNING/CL_MIGRATION_MANIFEST.schema.json,C:/Users/steve/Projects/gradient-institution/CRISIS_LITURGIES/00_PROJECT_CONTROL/CL_PHASE_02_PLANNING/CL_MIGRATION_MANIFEST.schema.json,YES,NO,FILE,??,??,YES,8919,d596cdcfd8e4b63e30285b9420d1805399bbda5d0d6e1a0b86086e06b513b496,NO,NO,NO,NO,NO,YES,
GCS-CL-02M-0154,CRISIS_LITURGIES/00_PROJECT_CONTROL/CL_PHASE_02_PLANNING/CL_MIGRATION_MANIFEST.schema.v1.1.json,C:/Users/steve/Projects/gradient-institution/CRISIS_LITURGIES/00_PROJECT_CONTROL/CL_PHASE_02_PLANNING/CL_MIGRATION_MANIFEST.schema.v1.1.json,YES,NO,FILE,??,??,YES,13255,de6353f41e09c4369ba43ee87b16534e85e1d13acb7384dd76c75e626e677c38,NO,NO,NO,NO,NO,YES,
GCS-CL-02M-0155,CRISIS_LITURGIES/00_PROJECT_CONTROL/CL_PHASE_02_PLANNING/CL_MIGRATION_MANIFEST.schema.v1.2.json,C:/Users/steve/Projects/gradient-institution/CRISIS_LITURGIES/00_PROJECT_CONTROL/CL_PHASE_02_PLANNING/CL_MIGRATION_MANIFEST.schema.v1.2.json,YES,NO,FILE,??,??,YES,14286,326639019da6a5289a54763620147574565768ce1fba9fc6ea3066a9055db28a,NO,NO,NO,NO,NO,YES,
GCS-CL-02M-0156,CRISIS_LITURGIES/00_PROJECT_CONTROL/CL_PHASE_02_PLANNING/CL_MIG_001_CLOSURE/CL_MIG_001_FINAL_CLOSURE_2026-07-13/CL_MIG_001_FINAL_VERIFICATION_AND_CLOSURE_v1.0.json,C:/Users/steve/Projects/gradient-institution/CRISIS_LITURGIES/00_PROJECT_CONTROL/CL_PHASE_02_PLANNING/CL_MIG_001_CLOSURE/CL_MIG_001_FINAL_CLOSURE_2026-07-13/CL_MIG_001_FINAL_VERIFICATION_AND_CLOSURE_v1.0.json,YES,NO,FILE,??,??,YES,1080,1c54af10792af26c0968fcb5ba2c2623882a95beffcb7b0fb13148fca47b9ba7,NO,NO,NO,NO,NO,YES,
GCS-CL-02M-0157,CRISIS_LITURGIES/00_PROJECT_CONTROL/CL_PHASE_02_PLANNING/CL_MIG_001_CLOSURE/CL_MIG_001_FINAL_CLOSURE_2026-07-13/CL_MIG_001_FINAL_VERIFICATION_AND_CLOSURE_v1.0.md,C:/Users/steve/Projects/gradient-institution/CRISIS_LITURGIES/00_PROJECT_CONTROL/CL_PHASE_02_PLANNING/CL_MIG_001_CLOSURE/CL_MIG_001_FINAL_CLOSURE_2026-07-13/CL_MIG_001_FINAL_VERIFICATION_AND_CLOSURE_v1.0.md,YES,NO,FILE,??,??,YES,3645,8374b32b3c07f1def14dc8225c4d45ee1b515d368b22b14f4ca496f3a8a3c36a,NO,NO,NO,NO,NO,YES,
GCS-CL-02M-0158,CRISIS_LITURGIES/00_PROJECT_CONTROL/CL_PHASE_02_PLANNING/CL_MIG_001_CLOSURE/CL_MIG_001_FINAL_CLOSURE_2026-07-13/SHA256SUMS.txt,C:/Users/steve/Projects/gradient-institution/CRISIS_LITURGIES/00_PROJECT_CONTROL/CL_PHASE_02_PLANNING/CL_MIG_001_CLOSURE/CL_MIG_001_FINAL_CLOSURE_2026-07-13/SHA256SUMS.txt,YES,NO,FILE,??,??,YES,234,4f55e8f9e2de71cc24a048f6180c178a4ed6382ed70a19b48b25c20120b4ffa5,NO,NO,NO,NO,NO,YES,
GCS-CL-02M-0159,CRISIS_LITURGIES/00_PROJECT_CONTROL/CL_PHASE_02_PLANNING/CL_MIG_001_COPY_AUTHORIZATION_2026-07-13/CL_MIGRATION_MANIFEST.schema.v1.2.json,C:/Users/steve/Projects/gradient-institution/CRISIS_LITURGIES/00_PROJECT_CONTROL/CL_PHASE_02_PLANNING/CL_MIG_001_COPY_AUTHORIZATION_2026-07-13/CL_MIGRATION_MANIFEST.schema.v1.2.json,YES,NO,FILE,??,??,YES,14429,c12385ab19f701a7e6d1623abfb77cc1178981e79ecd71b10e439b2d61a1cb85,NO,NO,NO,NO,NO,YES,
GCS-CL-02M-0160,CRISIS_LITURGIES/00_PROJECT_CONTROL/CL_PHASE_02_PLANNING/CL_MIG_001_COPY_AUTHORIZATION_2026-07-13/CL_MIG_001_COPY_AUTHORIZATION_REQUIREMENTS.json,C:/Users/steve/Projects/gradient-institution/CRISIS_LITURGIES/00_PROJECT_CONTROL/CL_PHASE_02_PLANNING/CL_MIG_001_COPY_AUTHORIZATION_2026-07-13/CL_MIG_001_COPY_AUTHORIZATION_REQUIREMENTS.json,YES,NO,FILE,??,??,YES,897,3e42d38d489e262a502b26c6234d9b42e42667fd459477d01dd974f4bc29f5f8,NO,NO,NO,NO,NO,YES,
GCS-CL-02M-0161,CRISIS_LITURGIES/00_PROJECT_CONTROL/CL_PHASE_02_PLANNING/CL_MIG_001_COPY_AUTHORIZATION_2026-07-13/CL_MIG_001_COPY_ONLY_AUTHORIZATION_RECORD_v1.0.md,C:/Users/steve/Projects/gradient-institution/CRISIS_LITURGIES/00_PROJECT_CONTROL/CL_PHASE_02_PLANNING/CL_MIG_001_COPY_AUTHORIZATION_2026-07-13/CL_MIG_001_COPY_ONLY_AUTHORIZATION_RECORD_v1.0.md,YES,NO,FILE,??,??,YES,2303,c24734895282a1a4415f8a873bda116c637d7ea4aae59e42a21f6c40dbbd9bf2,NO,NO,NO,NO,NO,YES,
GCS-CL-02M-0162,CRISIS_LITURGIES/00_PROJECT_CONTROL/CL_PHASE_02_PLANNING/CL_MIG_001_COPY_AUTHORIZATION_2026-07-13/CL_MIG_001_CURSOR_COPY_ONLY_EXECUTION_PACKET.md,C:/Users/steve/Projects/gradient-institution/CRISIS_LITURGIES/00_PROJECT_CONTROL/CL_PHASE_02_PLANNING/CL_MIG_001_COPY_AUTHORIZATION_2026-07-13/CL_MIG_001_CURSOR_COPY_ONLY_EXECUTION_PACKET.md,YES,NO,FILE,??,??,YES,4560,35b0e17586233b2508de840b78bf2053da2d5acb17d67df4fe8f728df4bf5e2f,NO,NO,NO,NO,NO,YES,
GCS-CL-02M-0163,CRISIS_LITURGIES/00_PROJECT_CONTROL/CL_PHASE_02_PLANNING/CL_MIG_001_COPY_AUTHORIZATION_2026-07-13/CL_MIG_001_MIGRATION_MANIFEST_COPY_v1.2.1.json,C:/Users/steve/Projects/gradient-institution/CRISIS_LITURGIES/00_PROJECT_CONTROL/CL_PHASE_02_PLANNING/CL_MIG_001_COPY_AUTHORIZATION_2026-07-13/CL_MIG_001_MIGRATION_MANIFEST_COPY_v1.2.1.json,YES,NO,FILE,??,??,YES,56784,702ddbb456ee0d83eda6ab796c9586a7420810a09bb2fac9e5a053b8b01c18cc,NO,NO,NO,NO,NO,YES,
GCS-CL-02M-0164,CRISIS_LITURGIES/00_PROJECT_CONTROL/CL_PHASE_02_PLANNING/CL_MIG_001_COPY_AUTHORIZATION_2026-07-13/SHA256SUMS.txt,C:/Users/steve/Projects/gradient-institution/CRISIS_LITURGIES/00_PROJECT_CONTROL/CL_PHASE_02_PLANNING/CL_MIG_001_COPY_AUTHORIZATION_2026-07-13/SHA256SUMS.txt,YES,NO,FILE,??,??,YES,562,f83c5c022193c1b0fa01fbb52060321d9c5b97c5943f8ee05f91695009234ccd,NO,NO,NO,NO,NO,YES,
GCS-CL-02M-0165,CRISIS_LITURGIES/00_PROJECT_CONTROL/CL_PHASE_02_PLANNING/CL_MIG_001_DESTINATION_OCCUPANCY.csv,C:/Users/steve/Projects/gradient-institution/CRISIS_LITURGIES/00_PROJECT_CONTROL/CL_PHASE_02_PLANNING/CL_MIG_001_DESTINATION_OCCUPANCY.csv,YES,NO,FILE,??,??,YES,212808,01268b5bcbfd961aca0cb955372baf7036b8720dd7173a44ce740f82bf1625e5,NO,NO,NO,NO,NO,YES,
GCS-CL-02M-0166,CRISIS_LITURGIES/00_PROJECT_CONTROL/CL_PHASE_02_PLANNING/CL_MIG_001_DESTINATION_OCCUPANCY_v1.2.csv,C:/Users/steve/Projects/gradient-institution/CRISIS_LITURGIES/00_PROJECT_CONTROL/CL_PHASE_02_PLANNING/CL_MIG_001_DESTINATION_OCCUPANCY_v1.2.csv,YES,NO,FILE,??,??,YES,12337,2840befe461baf78d9043e21df38bc95c461e66b409f14bc4583945ceb856e2c,NO,NO,NO,NO,NO,YES,
GCS-CL-02M-0167,CRISIS_LITURGIES/00_PROJECT_CONTROL/CL_PHASE_02_PLANNING/CL_MIG_001_DRY_RUN_READINESS_REPORT.md,C:/Users/steve/Projects/gradient-institution/CRISIS_LITURGIES/00_PROJECT_CONTROL/CL_PHASE_02_PLANNING/CL_MIG_001_DRY_RUN_READINESS_REPORT.md,YES,NO,FILE,??,??,YES,1609,1c7cc42d4861110d2748ec445c6c7ed5aebca77909ae2121ac93d9acb98b787c,NO,NO,NO,NO,NO,YES,
GCS-CL-02M-0168,CRISIS_LITURGIES/00_PROJECT_CONTROL/CL_PHASE_02_PLANNING/CL_MIG_001_DUPLICATE_TARGET_RECONCILIATION.md,C:/Users/steve/Projects/gradient-institution/CRISIS_LITURGIES/00_PROJECT_CONTROL/CL_PHASE_02_PLANNING/CL_MIG_001_DUPLICATE_TARGET_RECONCILIATION.md,YES,NO,FILE,??,??,YES,1199,78a37f62718d38f8bc0cd541c3903598a7207d1238847f7aae1ba90cdadf957e,NO,NO,NO,NO,NO,YES,
GCS-CL-02M-0169,CRISIS_LITURGIES/00_PROJECT_CONTROL/CL_PHASE_02_PLANNING/CL_MIG_001_GOVERNANCE_AND_REGISTRIES_PLAN.md,C:/Users/steve/Projects/gradient-institution/CRISIS_LITURGIES/00_PROJECT_CONTROL/CL_PHASE_02_PLANNING/CL_MIG_001_GOVERNANCE_AND_REGISTRIES_PLAN.md,YES,NO,FILE,??,??,YES,5427,50b71fb891f725892438b90ef3af3afc2d5aecb80ff01dc246cee0d5f0b823a7,NO,NO,NO,NO,NO,YES,
GCS-CL-02M-0170,CRISIS_LITURGIES/00_PROJECT_CONTROL/CL_PHASE_02_PLANNING/CL_MIG_001_GOVERNANCE_AND_REGISTRIES_PLAN_v0.2.md,C:/Users/steve/Projects/gradient-institution/CRISIS_LITURGIES/00_PROJECT_CONTROL/CL_PHASE_02_PLANNING/CL_MIG_001_GOVERNANCE_AND_REGISTRIES_PLAN_v0.2.md,YES,NO,FILE,??,??,YES,2036,8ee8ff9debe87666ec8b3ffd06d8650727458f71f05f6f2281817985a0bee5f2,NO,NO,NO,NO,NO,YES,
GCS-CL-02M-0171,CRISIS_LITURGIES/00_PROJECT_CONTROL/CL_PHASE_02_PLANNING/CL_MIG_001_MIGRATION_MANIFEST_DRY_RUN_v1.2.json,C:/Users/steve/Projects/gradient-institution/CRISIS_LITURGIES/00_PROJECT_CONTROL/CL_PHASE_02_PLANNING/CL_MIG_001_MIGRATION_MANIFEST_DRY_RUN_v1.2.json,YES,NO,FILE,??,??,YES,57570,5b6ba5ca0d796601cc973f4fe43651a1302f9cd4089d3ceda44223385fe25dd3,NO,NO,NO,NO,NO,YES,
GCS-CL-02M-0172,CRISIS_LITURGIES/00_PROJECT_CONTROL/CL_PHASE_02_PLANNING/CL_MIG_001_MIGRATION_MANIFEST_PLAN.json,C:/Users/steve/Projects/gradient-institution/CRISIS_LITURGIES/00_PROJECT_CONTROL/CL_PHASE_02_PLANNING/CL_MIG_001_MIGRATION_MANIFEST_PLAN.json,YES,NO,FILE,??,??,YES,56419,a5145a23e1f8e9b119537cdd02fb95b15f04adb3150d24d63fb1ddd0f66e5747,NO,NO,NO,NO,NO,YES,
GCS-CL-02M-0173,CRISIS_LITURGIES/00_PROJECT_CONTROL/CL_PHASE_02_PLANNING/CL_MIG_001_MIGRATION_MANIFEST_PLAN_v1.2.json,C:/Users/steve/Projects/gradient-institution/CRISIS_LITURGIES/00_PROJECT_CONTROL/CL_PHASE_02_PLANNING/CL_MIG_001_MIGRATION_MANIFEST_PLAN_v1.2.json,YES,NO,FILE,??,??,YES,57340,47152821736f26a9d68f58e9259abe9c39ed16722273035c2efe54a2cfa303df,NO,NO,NO,NO,NO,YES,
GCS-CL-02M-0174,CRISIS_LITURGIES/00_PROJECT_CONTROL/CL_PHASE_02_PLANNING/CL_MIG_001_MISSING_AUTHORITATIVE_SOURCES.md,C:/Users/steve/Projects/gradient-institution/CRISIS_LITURGIES/00_PROJECT_CONTROL/CL_PHASE_02_PLANNING/CL_MIG_001_MISSING_AUTHORITATIVE_SOURCES.md,YES,NO,FILE,??,??,YES,2984,6210c689e45d92f1182935e0a2305b15a5b301a4818efaf842c0a9b2eb8f30f3,NO,NO,NO,NO,NO,YES,
GCS-CL-02M-0175,CRISIS_LITURGIES/00_PROJECT_CONTROL/CL_PHASE_02_PLANNING/CL_MIG_001_PATH_REFERENCE_BREAKAGE_RISK.json,C:/Users/steve/Projects/gradient-institution/CRISIS_LITURGIES/00_PROJECT_CONTROL/CL_PHASE_02_PLANNING/CL_MIG_001_PATH_REFERENCE_BREAKAGE_RISK.json,YES,NO,FILE,??,??,YES,394,9d1ba08578ef118dcac9e21c1d7d542463e83b94f4fb09832b23a1b1e77c9b30,NO,NO,NO,NO,NO,YES,
GCS-CL-02M-0176,CRISIS_LITURGIES/00_PROJECT_CONTROL/CL_PHASE_02_PLANNING/CL_MIG_001_PATH_REFERENCE_BREAKAGE_RISK_v1.2.json,C:/Users/steve/Projects/gradient-institution/CRISIS_LITURGIES/00_PROJECT_CONTROL/CL_PHASE_02_PLANNING/CL_MIG_001_PATH_REFERENCE_BREAKAGE_RISK_v1.2.json,YES,NO,FILE,??,??,YES,291,b462f8b23ac31c10f9bfa9ffb8967acbb1db8c7f3a5b148451be685f14fc46b7,NO,NO,NO,NO,NO,YES,
GCS-CL-02M-0177,CRISIS_LITURGIES/00_PROJECT_CONTROL/CL_PHASE_02_PLANNING/CL_MIG_001_PATH_REFERENCE_HITS.csv,C:/Users/steve/Projects/gradient-institution/CRISIS_LITURGIES/00_PROJECT_CONTROL/CL_PHASE_02_PLANNING/CL_MIG_001_PATH_REFERENCE_HITS.csv,YES,NO,FILE,??,??,YES,13487,a1416654540612822c3a17c6548d0e46618116f50ef6368d4c4567a2e37541ae,NO,NO,NO,NO,NO,YES,
GCS-CL-02M-0178,CRISIS_LITURGIES/00_PROJECT_CONTROL/CL_PHASE_02_PLANNING/CL_MIG_001_PATH_REFERENCE_HITS_v1.2.csv,C:/Users/steve/Projects/gradient-institution/CRISIS_LITURGIES/00_PROJECT_CONTROL/CL_PHASE_02_PLANNING/CL_MIG_001_PATH_REFERENCE_HITS_v1.2.csv,YES,NO,FILE,??,??,YES,24014,634c26a5b707ff44c1187957bf4a987fb29cf55e1c170a411ae46f42da503697,NO,NO,NO,NO,NO,YES,
GCS-CL-02M-0179,CRISIS_LITURGIES/00_PROJECT_CONTROL/CL_PHASE_02_PLANNING/CL_MIG_001_SCHEMA_VALIDATION_REPORT.md,C:/Users/steve/Projects/gradient-institution/CRISIS_LITURGIES/00_PROJECT_CONTROL/CL_PHASE_02_PLANNING/CL_MIG_001_SCHEMA_VALIDATION_REPORT.md,YES,NO,FILE,??,??,YES,473,1bedb48e317088dcdfb4712b30032a063888ee3d5d6debd48ec11b90af3d6490,NO,NO,NO,NO,NO,YES,
GCS-CL-02M-0180,CRISIS_LITURGIES/00_PROJECT_CONTROL/CL_PHASE_02_PLANNING/CL_MIG_001_SOURCE_RECOVERY_REGISTER.csv,C:/Users/steve/Projects/gradient-institution/CRISIS_LITURGIES/00_PROJECT_CONTROL/CL_PHASE_02_PLANNING/CL_MIG_001_SOURCE_RECOVERY_REGISTER.csv,YES,NO,FILE,??,??,YES,9980,6cd46ea7b9107d4277ddb4ee24c956faeacb54bac9403a993f8ce713db43335f,NO,NO,NO,NO,NO,YES,
GCS-CL-02M-0181,CRISIS_LITURGIES/00_PROJECT_CONTROL/CL_PHASE_02_PLANNING/CL_MIG_001_ZERO_WRITE_DESTINATION_OCCUPANCY.csv,C:/Users/steve/Projects/gradient-institution/CRISIS_LITURGIES/00_PROJECT_CONTROL/CL_PHASE_02_PLANNING/CL_MIG_001_ZERO_WRITE_DESTINATION_OCCUPANCY.csv,YES,NO,FILE,??,??,YES,8384,00c91a7c30d0b8a8794002d3e9027c4df121e27033ef92fecd20157e984c9912,NO,NO,NO,NO,NO,YES,
GCS-CL-02M-0182,CRISIS_LITURGIES/00_PROJECT_CONTROL/CL_PHASE_02_PLANNING/CL_MIG_001_ZERO_WRITE_DRY_RUN_EXCEPTIONS.csv,C:/Users/steve/Projects/gradient-institution/CRISIS_LITURGIES/00_PROJECT_CONTROL/CL_PHASE_02_PLANNING/CL_MIG_001_ZERO_WRITE_DRY_RUN_EXCEPTIONS.csv,YES,NO,FILE,??,??,YES,7232,dabff4a81f10e74f4107dded2c908f358698cf41cb73b1023bfc886afe5ecdfc,NO,NO,NO,NO,NO,YES,
GCS-CL-02M-0183,CRISIS_LITURGIES/00_PROJECT_CONTROL/CL_PHASE_02_PLANNING/CL_MIG_001_ZERO_WRITE_DRY_RUN_REPORT.md,C:/Users/steve/Projects/gradient-institution/CRISIS_LITURGIES/00_PROJECT_CONTROL/CL_PHASE_02_PLANNING/CL_MIG_001_ZERO_WRITE_DRY_RUN_REPORT.md,YES,NO,FILE,??,??,YES,1005,df265ed08b2244afce3bcb259215b828bcf20fb20660e46d2dbf99764f471fd4,NO,NO,NO,NO,NO,YES,
GCS-CL-02M-0184,CRISIS_LITURGIES/00_PROJECT_CONTROL/CL_PHASE_02_PLANNING/CL_MIG_001_ZERO_WRITE_DRY_RUN_RESULTS.csv,C:/Users/steve/Projects/gradient-institution/CRISIS_LITURGIES/00_PROJECT_CONTROL/CL_PHASE_02_PLANNING/CL_MIG_001_ZERO_WRITE_DRY_RUN_RESULTS.csv,YES,NO,FILE,??,??,YES,20994,759b3fc10021a1aa160fbd0addba9a1d7250eb5f6e3d3a92050b5cbc61c81c43,NO,NO,NO,NO,NO,YES,
GCS-CL-02M-0185,CRISIS_LITURGIES/00_PROJECT_CONTROL/CL_PHASE_02_PLANNING/CL_MIG_001_ZERO_WRITE_PATH_REFERENCE_HITS.csv,C:/Users/steve/Projects/gradient-institution/CRISIS_LITURGIES/00_PROJECT_CONTROL/CL_PHASE_02_PLANNING/CL_MIG_001_ZERO_WRITE_PATH_REFERENCE_HITS.csv,YES,NO,FILE,??,??,YES,16289,535873de346121a1fd2ce8ca35cf2233e0167398bf91d3916192dc2b7ca34242,NO,NO,NO,NO,NO,YES,
GCS-CL-02M-0186,CRISIS_LITURGIES/00_PROJECT_CONTROL/CL_PHASE_02_PLANNING/CL_PHASE_01_PORTABLE_AUTHORITY_SOURCES_2026-07-13/00_MANIFEST/BUNDLE_MANIFEST.json,C:/Users/steve/Projects/gradient-institution/CRISIS_LITURGIES/00_PROJECT_CONTROL/CL_PHASE_02_PLANNING/CL_PHASE_01_PORTABLE_AUTHORITY_SOURCES_2026-07-13/00_MANIFEST/BUNDLE_MANIFEST.json,YES,NO,FILE,??,??,YES,5994,636c2d53dd626c4db901cc4e0bf5c5081b35d66debb3cc178c11e1a7fe286720,NO,NO,NO,NO,NO,YES,
GCS-CL-02M-0187,CRISIS_LITURGIES/00_PROJECT_CONTROL/CL_PHASE_02_PLANNING/CL_PHASE_01_PORTABLE_AUTHORITY_SOURCES_2026-07-13/00_MANIFEST/README.md,C:/Users/steve/Projects/gradient-institution/CRISIS_LITURGIES/00_PROJECT_CONTROL/CL_PHASE_02_PLANNING/CL_PHASE_01_PORTABLE_AUTHORITY_SOURCES_2026-07-13/00_MANIFEST/README.md,YES,NO,FILE,??,??,YES,914,f811127e937b8d37625611b39030e23f1020b1467ae33e4f01aa4a25805b10fc,NO,NO,NO,NO,NO,YES,
GCS-CL-02M-0188,CRISIS_LITURGIES/00_PROJECT_CONTROL/CL_PHASE_02_PLANNING/CL_PHASE_01_PORTABLE_AUTHORITY_SOURCES_2026-07-13/00_MANIFEST/SHA256SUMS.txt,C:/Users/steve/Projects/gradient-institution/CRISIS_LITURGIES/00_PROJECT_CONTROL/CL_PHASE_02_PLANNING/CL_PHASE_01_PORTABLE_AUTHORITY_SOURCES_2026-07-13/00_MANIFEST/SHA256SUMS.txt,YES,NO,FILE,??,??,YES,3708,9fcca7424547e21d8bbf79ba96920eb16a282bed58567371cd3a54be9685fea1,NO,NO,NO,NO,NO,YES,
GCS-CL-02M-0189,CRISIS_LITURGIES/00_PROJECT_CONTROL/CL_PHASE_02_PLANNING/CL_PHASE_01_PORTABLE_AUTHORITY_SOURCES_2026-07-13/01_GOVERNANCE/CL-OPS-001_Crisis_Liturgies_Role_Separation_and_Execution_Protocol_v1.0.md,C:/Users/steve/Projects/gradient-institution/CRISIS_LITURGIES/00_PROJECT_CONTROL/CL_PHASE_02_PLANNING/CL_PHASE_01_PORTABLE_AUTHORITY_SOURCES_2026-07-13/01_GOVERNANCE/CL-OPS-001_Crisis_Liturgies_Role_Separation_and_Execution_Protocol_v1.0.md,YES,NO,FILE,??,??,YES,6605,ea6ee12742f4a8639a553419b137a726486df7fd7643c3ce070390a288cd2303,NO,NO,NO,NO,NO,YES,
GCS-CL-02M-0190,CRISIS_LITURGIES/00_PROJECT_CONTROL/CL_PHASE_02_PLANNING/CL_PHASE_01_PORTABLE_AUTHORITY_SOURCES_2026-07-13/01_GOVERNANCE/CL_PHASE_01_A_GOVERNANCE_CROSS_REFERENCE_v1.0.md,C:/Users/steve/Projects/gradient-institution/CRISIS_LITURGIES/00_PROJECT_CONTROL/CL_PHASE_02_PLANNING/CL_PHASE_01_PORTABLE_AUTHORITY_SOURCES_2026-07-13/01_GOVERNANCE/CL_PHASE_01_A_GOVERNANCE_CROSS_REFERENCE_v1.0.md,YES,NO,FILE,??,??,YES,3018,87176c9cd2eda0c363484f8b01e9ed9c34016a278642d3720bd0dcf19b32d575,NO,NO,NO,NO,NO,YES,
GCS-CL-02M-0191,CRISIS_LITURGIES/00_PROJECT_CONTROL/CL_PHASE_02_PLANNING/CL_PHASE_01_PORTABLE_AUTHORITY_SOURCES_2026-07-13/02_RELEASE_PROFILES/CCR_CL_003_FINAL_DISPOSITION_ACCEPTED_WITH_PATCHES_2026-07-13.json,C:/Users/steve/Projects/gradient-institution/CRISIS_LITURGIES/00_PROJECT_CONTROL/CL_PHASE_02_PLANNING/CL_PHASE_01_PORTABLE_AUTHORITY_SOURCES_2026-07-13/02_RELEASE_PROFILES/CCR_CL_003_FINAL_DISPOSITION_ACCEPTED_WITH_PATCHES_2026-07-13.json,YES,NO,FILE,??,??,YES,503,5c5309b2cb41cf7e0da6a9900b0ac8f9bf0e466699fc9e8269271689e33213f3,NO,NO,NO,NO,NO,YES,
GCS-CL-02M-0192,CRISIS_LITURGIES/00_PROJECT_CONTROL/CL_PHASE_02_PLANNING/CL_PHASE_01_PORTABLE_AUTHORITY_SOURCES_2026-07-13/02_RELEASE_PROFILES/CCR_CL_003_FINAL_DISPOSITION_ACCEPTED_WITH_PATCHES_2026-07-13.md,C:/Users/steve/Projects/gradient-institution/CRISIS_LITURGIES/00_PROJECT_CONTROL/CL_PHASE_02_PLANNING/CL_PHASE_01_PORTABLE_AUTHORITY_SOURCES_2026-07-13/02_RELEASE_PROFILES/CCR_CL_003_FINAL_DISPOSITION_ACCEPTED_WITH_PATCHES_2026-07-13.md,YES,NO,FILE,??,??,YES,4185,aa7b3b9a9232ba7bde283c52d64806e79ba72dee4fe2fc5dd8e9b5c5b805515d,NO,NO,NO,NO,NO,YES,
GCS-CL-02M-0193,CRISIS_LITURGIES/00_PROJECT_CONTROL/CL_PHASE_02_PLANNING/CL_PHASE_01_PORTABLE_AUTHORITY_SOURCES_2026-07-13/02_RELEASE_PROFILES/CL_RELEASE_PROFILE_REGISTRY_v1.0.json,C:/Users/steve/Projects/gradient-institution/CRISIS_LITURGIES/00_PROJECT_CONTROL/CL_PHASE_02_PLANNING/CL_PHASE_01_PORTABLE_AUTHORITY_SOURCES_2026-07-13/02_RELEASE_PROFILES/CL_RELEASE_PROFILE_REGISTRY_v1.0.json,YES,NO,FILE,??,??,YES,2200,b44a2f757b921621bbdebd773dd6c86bf087def6e6f9cdebf89bdf419ac91482,NO,NO,NO,NO,NO,YES,
GCS-CL-02M-0194,CRISIS_LITURGIES/00_PROJECT_CONTROL/CL_PHASE_02_PLANNING/CL_PHASE_01_PORTABLE_AUTHORITY_SOURCES_2026-07-13/02_RELEASE_PROFILES/CL_RELEASE_PROFILE_REGISTRY_v1.0.md,C:/Users/steve/Projects/gradient-institution/CRISIS_LITURGIES/00_PROJECT_CONTROL/CL_PHASE_02_PLANNING/CL_PHASE_01_PORTABLE_AUTHORITY_SOURCES_2026-07-13/02_RELEASE_PROFILES/CL_RELEASE_PROFILE_REGISTRY_v1.0.md,YES,NO,FILE,??,??,YES,1732,81bf4038455959335149151a8cb8dc8bc27f4914fc37819135ee84446a52ddbb,NO,NO,NO,NO,NO,YES,
GCS-CL-02M-0195,CRISIS_LITURGIES/00_PROJECT_CONTROL/CL_PHASE_02_PLANNING/CL_PHASE_01_PORTABLE_AUTHORITY_SOURCES_2026-07-13/03_STATE_ROOT_AND_DUPLICATES/CL_COLLECTION_STATE_MAP_v1.0.json,C:/Users/steve/Projects/gradient-institution/CRISIS_LITURGIES/00_PROJECT_CONTROL/CL_PHASE_02_PLANNING/CL_PHASE_01_PORTABLE_AUTHORITY_SOURCES_2026-07-13/03_STATE_ROOT_AND_DUPLICATES/CL_COLLECTION_STATE_MAP_v1.0.json,YES,NO,FILE,??,??,YES,3815,5e2752d60de8c8d468bf6603b6c545bf90641eed4091d0225c56237ea5c45e57,NO,NO,NO,NO,NO,YES,
GCS-CL-02M-0196,CRISIS_LITURGIES/00_PROJECT_CONTROL/CL_PHASE_02_PLANNING/CL_PHASE_01_PORTABLE_AUTHORITY_SOURCES_2026-07-13/03_STATE_ROOT_AND_DUPLICATES/CL_DUPLICATE_RELATIONSHIP_RECORD.schema.json,C:/Users/steve/Projects/gradient-institution/CRISIS_LITURGIES/00_PROJECT_CONTROL/CL_PHASE_02_PLANNING/CL_PHASE_01_PORTABLE_AUTHORITY_SOURCES_2026-07-13/03_STATE_ROOT_AND_DUPLICATES/CL_DUPLICATE_RELATIONSHIP_RECORD.schema.json,YES,NO,FILE,??,??,YES,1645,9fe1e54cfc0c61bef3386b9afc38f5d8152e2ded36c79e35bce57c0de6657df5,NO,NO,NO,NO,NO,YES,
GCS-CL-02M-0197,CRISIS_LITURGIES/00_PROJECT_CONTROL/CL_PHASE_02_PLANNING/CL_PHASE_01_PORTABLE_AUTHORITY_SOURCES_2026-07-13/03_STATE_ROOT_AND_DUPLICATES/CL_PHASE_01_C_CANONICAL_ROOT_DECISION_MATRIX_v0.1.md,C:/Users/steve/Projects/gradient-institution/CRISIS_LITURGIES/00_PROJECT_CONTROL/CL_PHASE_02_PLANNING/CL_PHASE_01_PORTABLE_AUTHORITY_SOURCES_2026-07-13/03_STATE_ROOT_AND_DUPLICATES/CL_PHASE_01_C_CANONICAL_ROOT_DECISION_MATRIX_v0.1.md,YES,NO,FILE,??,??,YES,3452,6c9a2fa66a4a0f0f46cadf816c97cf8419b589e5c78d46b6e7afccfd57852648,NO,NO,NO,NO,NO,YES,
GCS-CL-02M-0198,CRISIS_LITURGIES/00_PROJECT_CONTROL/CL_PHASE_02_PLANNING/CL_PHASE_01_PORTABLE_AUTHORITY_SOURCES_2026-07-13/03_STATE_ROOT_AND_DUPLICATES/CL_PHASE_01_C_CANONICAL_ROOT_RATIFICATION_v1.0.json,C:/Users/steve/Projects/gradient-institution/CRISIS_LITURGIES/00_PROJECT_CONTROL/CL_PHASE_02_PLANNING/CL_PHASE_01_PORTABLE_AUTHORITY_SOURCES_2026-07-13/03_STATE_ROOT_AND_DUPLICATES/CL_PHASE_01_C_CANONICAL_ROOT_RATIFICATION_v1.0.json,YES,NO,FILE,??,??,YES,859,faafcd589eb5b1d979c12fc55718e8d78925e5295f82d24466a46355ccf060be,NO,NO,NO,NO,NO,YES,
GCS-CL-02M-0199,CRISIS_LITURGIES/00_PROJECT_CONTROL/CL_PHASE_02_PLANNING/CL_PHASE_01_PORTABLE_AUTHORITY_SOURCES_2026-07-13/03_STATE_ROOT_AND_DUPLICATES/CL_PHASE_01_C_CANONICAL_ROOT_RATIFICATION_v1.0.md,C:/Users/steve/Projects/gradient-institution/CRISIS_LITURGIES/00_PROJECT_CONTROL/CL_PHASE_02_PLANNING/CL_PHASE_01_PORTABLE_AUTHORITY_SOURCES_2026-07-13/03_STATE_ROOT_AND_DUPLICATES/CL_PHASE_01_C_CANONICAL_ROOT_RATIFICATION_v1.0.md,YES,NO,FILE,??,??,YES,3887,37ca57040394817ccf63d90151e7210e2f28ed215a7d88f4a834bae056874d63,NO,NO,NO,NO,NO,YES,
GCS-CL-02M-0200,CRISIS_LITURGIES/00_PROJECT_CONTROL/CL_PHASE_02_PLANNING/CL_PHASE_01_PORTABLE_AUTHORITY_SOURCES_2026-07-13/03_STATE_ROOT_AND_DUPLICATES/CL_PHASE_01_D_MIRROR_AND_DUPLICATE_DOCTRINE_v1.0.json,C:/Users/steve/Projects/gradient-institution/CRISIS_LITURGIES/00_PROJECT_CONTROL/CL_PHASE_02_PLANNING/CL_PHASE_01_PORTABLE_AUTHORITY_SOURCES_2026-07-13/03_STATE_ROOT_AND_DUPLICATES/CL_PHASE_01_D_MIRROR_AND_DUPLICATE_DOCTRINE_v1.0.json,YES,NO,FILE,??,??,YES,899,5b651ed1ddaec6c2e8e60399849289fbed1dcaeba797a710695f207c8cbe351e,NO,NO,NO,NO,NO,YES,
GCS-CL-02M-0201,CRISIS_LITURGIES/00_PROJECT_CONTROL/CL_PHASE_02_PLANNING/CL_PHASE_01_PORTABLE_AUTHORITY_SOURCES_2026-07-13/03_STATE_ROOT_AND_DUPLICATES/CL_PHASE_01_D_MIRROR_AND_DUPLICATE_DOCTRINE_v1.0.md,C:/Users/steve/Projects/gradient-institution/CRISIS_LITURGIES/00_PROJECT_CONTROL/CL_PHASE_02_PLANNING/CL_PHASE_01_PORTABLE_AUTHORITY_SOURCES_2026-07-13/03_STATE_ROOT_AND_DUPLICATES/CL_PHASE_01_D_MIRROR_AND_DUPLICATE_DOCTRINE_v1.0.md,YES,NO,FILE,??,??,YES,7198,b47a0ee2915e3c6238e237a7ed1c2dff8c3ec07aaef9231430f9e3ca65084502,NO,NO,NO,NO,NO,YES,
GCS-CL-02M-0202,CRISIS_LITURGIES/00_PROJECT_CONTROL/CL_PHASE_02_PLANNING/CL_PHASE_01_PORTABLE_AUTHORITY_SOURCES_2026-07-13/03_STATE_ROOT_AND_DUPLICATES/CL_PHASE_01_E_COLLECTION_STATE_LANGUAGE_STANDARD_v1.0.json,C:/Users/steve/Projects/gradient-institution/CRISIS_LITURGIES/00_PROJECT_CONTROL/CL_PHASE_02_PLANNING/CL_PHASE_01_PORTABLE_AUTHORITY_SOURCES_2026-07-13/03_STATE_ROOT_AND_DUPLICATES/CL_PHASE_01_E_COLLECTION_STATE_LANGUAGE_STANDARD_v1.0.json,YES,NO,FILE,??,??,YES,645,a7edf399ff3379e877fab7bee3706843cac96c021ca1409a4b3b7cfc96819fe5,NO,NO,NO,NO,NO,YES,
GCS-CL-02M-0203,CRISIS_LITURGIES/00_PROJECT_CONTROL/CL_PHASE_02_PLANNING/CL_PHASE_01_PORTABLE_AUTHORITY_SOURCES_2026-07-13/03_STATE_ROOT_AND_DUPLICATES/CL_PHASE_01_E_COLLECTION_STATE_LANGUAGE_STANDARD_v1.0.md,C:/Users/steve/Projects/gradient-institution/CRISIS_LITURGIES/00_PROJECT_CONTROL/CL_PHASE_02_PLANNING/CL_PHASE_01_PORTABLE_AUTHORITY_SOURCES_2026-07-13/03_STATE_ROOT_AND_DUPLICATES/CL_PHASE_01_E_COLLECTION_STATE_LANGUAGE_STANDARD_v1.0.md,YES,NO,FILE,??,??,YES,7527,4304183a4a35c87923488a19081346b6d733eaf819e1d6875f946e066d59daa8,NO,NO,NO,NO,NO,YES,
GCS-CL-02M-0204,CRISIS_LITURGIES/00_PROJECT_CONTROL/CL_PHASE_02_PLANNING/CL_PHASE_01_PORTABLE_AUTHORITY_SOURCES_2026-07-13/04_PHASE_CLOSURES/CL_PHASE_00_FINAL_CLOSURE_RECORD_2026-07-13.json,C:/Users/steve/Projects/gradient-institution/CRISIS_LITURGIES/00_PROJECT_CONTROL/CL_PHASE_02_PLANNING/CL_PHASE_01_PORTABLE_AUTHORITY_SOURCES_2026-07-13/04_PHASE_CLOSURES/CL_PHASE_00_FINAL_CLOSURE_RECORD_2026-07-13.json,YES,NO,FILE,??,??,YES,868,45606d32e44785e4cf679af6458fd55c8b16dee7788fea629e5826e1315e35e4,NO,NO,NO,NO,NO,YES,
GCS-CL-02M-0205,CRISIS_LITURGIES/00_PROJECT_CONTROL/CL_PHASE_02_PLANNING/CL_PHASE_01_PORTABLE_AUTHORITY_SOURCES_2026-07-13/04_PHASE_CLOSURES/CL_PHASE_00_FINAL_CLOSURE_RECORD_2026-07-13.md,C:/Users/steve/Projects/gradient-institution/CRISIS_LITURGIES/00_PROJECT_CONTROL/CL_PHASE_02_PLANNING/CL_PHASE_01_PORTABLE_AUTHORITY_SOURCES_2026-07-13/04_PHASE_CLOSURES/CL_PHASE_00_FINAL_CLOSURE_RECORD_2026-07-13.md,YES,NO,FILE,??,??,YES,4539,115beb2e38edc0f1cfaae94af2ffd476885251a051e75f261dac0788584b3181,NO,NO,NO,NO,NO,YES,
GCS-CL-02M-0206,CRISIS_LITURGIES/00_PROJECT_CONTROL/CL_PHASE_02_PLANNING/CL_PHASE_01_PORTABLE_AUTHORITY_SOURCES_2026-07-13/04_PHASE_CLOSURES/CL_PHASE_01_AUTHORITY_PROFILE_ROOT_RECONCILIATION_CHARTER_2026-07-13.json,C:/Users/steve/Projects/gradient-institution/CRISIS_LITURGIES/00_PROJECT_CONTROL/CL_PHASE_02_PLANNING/CL_PHASE_01_PORTABLE_AUTHORITY_SOURCES_2026-07-13/04_PHASE_CLOSURES/CL_PHASE_01_AUTHORITY_PROFILE_ROOT_RECONCILIATION_CHARTER_2026-07-13.json,YES,NO,FILE,??,??,YES,646,77446f96ed3abfec7307c91dd2084b02a6b22f188e8176c4ff952b3bdebb1113,NO,NO,NO,NO,NO,YES,
GCS-CL-02M-0207,CRISIS_LITURGIES/00_PROJECT_CONTROL/CL_PHASE_02_PLANNING/CL_PHASE_01_PORTABLE_AUTHORITY_SOURCES_2026-07-13/04_PHASE_CLOSURES/CL_PHASE_01_AUTHORITY_PROFILE_ROOT_RECONCILIATION_CHARTER_2026-07-13.md,C:/Users/steve/Projects/gradient-institution/CRISIS_LITURGIES/00_PROJECT_CONTROL/CL_PHASE_02_PLANNING/CL_PHASE_01_PORTABLE_AUTHORITY_SOURCES_2026-07-13/04_PHASE_CLOSURES/CL_PHASE_01_AUTHORITY_PROFILE_ROOT_RECONCILIATION_CHARTER_2026-07-13.md,YES,NO,FILE,??,??,YES,4566,f0707d2a7559027b43bb7529d010d88d974ab3c2a5226cf6e7ef582e23ee219c,NO,NO,NO,NO,NO,YES,
GCS-CL-02M-0208,CRISIS_LITURGIES/00_PROJECT_CONTROL/CL_PHASE_02_PLANNING/CL_PHASE_01_PORTABLE_AUTHORITY_SOURCES_2026-07-13/04_PHASE_CLOSURES/CL_PHASE_01_FINAL_CLOSURE_RECORD_v1.0.json,C:/Users/steve/Projects/gradient-institution/CRISIS_LITURGIES/00_PROJECT_CONTROL/CL_PHASE_02_PLANNING/CL_PHASE_01_PORTABLE_AUTHORITY_SOURCES_2026-07-13/04_PHASE_CLOSURES/CL_PHASE_01_FINAL_CLOSURE_RECORD_v1.0.json,YES,NO,FILE,??,??,YES,395,1d5b884355aa84715bd664e33e88f37638120a780b4d8bc4f26afd85d988d790,NO,NO,NO,NO,NO,YES,
GCS-CL-02M-0209,CRISIS_LITURGIES/00_PROJECT_CONTROL/CL_PHASE_02_PLANNING/CL_PHASE_01_PORTABLE_AUTHORITY_SOURCES_2026-07-13/04_PHASE_CLOSURES/CL_PHASE_01_FINAL_CLOSURE_RECORD_v1.0.md,C:/Users/steve/Projects/gradient-institution/CRISIS_LITURGIES/00_PROJECT_CONTROL/CL_PHASE_02_PLANNING/CL_PHASE_01_PORTABLE_AUTHORITY_SOURCES_2026-07-13/04_PHASE_CLOSURES/CL_PHASE_01_FINAL_CLOSURE_RECORD_v1.0.md,YES,NO,FILE,??,??,YES,3168,e2c2be71dc883fc851ce7b4eb2f1b75051ffc68553875463b8c41d496498148a,NO,NO,NO,NO,NO,YES,
GCS-CL-02M-0210,CRISIS_LITURGIES/00_PROJECT_CONTROL/CL_PHASE_02_PLANNING/CL_PHASE_01_PORTABLE_AUTHORITY_SOURCES_2026-07-13/04_PHASE_CLOSURES/CL_PHASE_01_F_DEATH_BIT_PROFILE_DEFERRAL_v1.0.md,C:/Users/steve/Projects/gradient-institution/CRISIS_LITURGIES/00_PROJECT_CONTROL/CL_PHASE_02_PLANNING/CL_PHASE_01_PORTABLE_AUTHORITY_SOURCES_2026-07-13/04_PHASE_CLOSURES/CL_PHASE_01_F_DEATH_BIT_PROFILE_DEFERRAL_v1.0.md,YES,NO,FILE,??,??,YES,2139,6d404e28e83d6114ba0c4778ca918740d0487ba35fcc501abbafc200902df2e7,NO,NO,NO,NO,NO,YES,
GCS-CL-02M-0211,CRISIS_LITURGIES/00_PROJECT_CONTROL/CL_PHASE_02_PLANNING/CL_PHASE_01_PORTABLE_AUTHORITY_SOURCES_2026-07-13/04_PHASE_CLOSURES/CL_PHASE_02_CURSOR_MIGRATION_PLANNING_PACKET.md,C:/Users/steve/Projects/gradient-institution/CRISIS_LITURGIES/00_PROJECT_CONTROL/CL_PHASE_02_PLANNING/CL_PHASE_01_PORTABLE_AUTHORITY_SOURCES_2026-07-13/04_PHASE_CLOSURES/CL_PHASE_02_CURSOR_MIGRATION_PLANNING_PACKET.md,YES,NO,FILE,??,??,YES,1984,5d189d45af4200b3daed7be08941a5410ab47fce3cbe00eff7c69040f061edd5,NO,NO,NO,NO,NO,YES,
GCS-CL-02M-0212,CRISIS_LITURGIES/00_PROJECT_CONTROL/CL_PHASE_02_PLANNING/CL_PHASE_01_PORTABLE_AUTHORITY_SOURCES_2026-07-13/04_PHASE_CLOSURES/CL_PHASE_02_NON_DESTRUCTIVE_MIGRATION_PLANNING_CHARTER_v1.0.md,C:/Users/steve/Projects/gradient-institution/CRISIS_LITURGIES/00_PROJECT_CONTROL/CL_PHASE_02_PLANNING/CL_PHASE_01_PORTABLE_AUTHORITY_SOURCES_2026-07-13/04_PHASE_CLOSURES/CL_PHASE_02_NON_DESTRUCTIVE_MIGRATION_PLANNING_CHARTER_v1.0.md,YES,NO,FILE,??,??,YES,3564,d720514fb99f60389a6ebf878582696089fdfced8b071eedddce3fe1c6123f30,NO,NO,NO,NO,NO,YES,
GCS-CL-02M-0213,CRISIS_LITURGIES/00_PROJECT_CONTROL/CL_PHASE_02_PLANNING/CL_PHASE_01_PORTABLE_AUTHORITY_SOURCES_2026-07-13/05_EVIDENCE_REFERENCES/CL_PHASE_00_DISK_INVENTORY_EXTERNAL_REF.json,C:/Users/steve/Projects/gradient-institution/CRISIS_LITURGIES/00_PROJECT_CONTROL/CL_PHASE_02_PLANNING/CL_PHASE_01_PORTABLE_AUTHORITY_SOURCES_2026-07-13/05_EVIDENCE_REFERENCES/CL_PHASE_00_DISK_INVENTORY_EXTERNAL_REF.json,YES,NO,FILE,??,??,YES,1102,b78e53f4b45e84b48f2a3be43d23b3469c490462dc88843b2088288d5890777f,NO,NO,NO,NO,NO,YES,
GCS-CL-02M-0214,CRISIS_LITURGIES/00_PROJECT_CONTROL/CL_PHASE_02_PLANNING/CL_PHASE_02A2_SOURCE_RECOVERY_RECEIPT.md,C:/Users/steve/Projects/gradient-institution/CRISIS_LITURGIES/00_PROJECT_CONTROL/CL_PHASE_02_PLANNING/CL_PHASE_02A2_SOURCE_RECOVERY_RECEIPT.md,YES,NO,FILE,??,??,YES,2421,8599286283fdc2b046064a65275448cd286395db5e7c21ec3d3a04878ed0dbab,NO,NO,NO,NO,NO,YES,
GCS-CL-02M-0215,CRISIS_LITURGIES/00_PROJECT_CONTROL/CL_PHASE_02_PLANNING/CL_PHASE_02A3_EXECUTION_RECEIPT.md,C:/Users/steve/Projects/gradient-institution/CRISIS_LITURGIES/00_PROJECT_CONTROL/CL_PHASE_02_PLANNING/CL_PHASE_02A3_EXECUTION_RECEIPT.md,YES,NO,FILE,??,??,YES,2177,142b963c16fd15b750375b27e99afde1316620a411f8f3832aa10a01f5a0abbb,NO,NO,NO,NO,NO,YES,
GCS-CL-02M-0216,CRISIS_LITURGIES/00_PROJECT_CONTROL/CL_PHASE_02_PLANNING/CL_PHASE_02A_PATCH_RECEIPT.md,C:/Users/steve/Projects/gradient-institution/CRISIS_LITURGIES/00_PROJECT_CONTROL/CL_PHASE_02_PLANNING/CL_PHASE_02A_PATCH_RECEIPT.md,YES,NO,FILE,??,??,YES,4182,96afaf2ca7268cf9aab9f32cc3ac8af1d78bdf1d37481746ca30d16dd9195210,NO,NO,NO,NO,NO,YES,
GCS-CL-02M-0217,CRISIS_LITURGIES/00_PROJECT_CONTROL/CL_PHASE_02_PLANNING/CL_PHASE_02_COLLISION_REPORT.md,C:/Users/steve/Projects/gradient-institution/CRISIS_LITURGIES/00_PROJECT_CONTROL/CL_PHASE_02_PLANNING/CL_PHASE_02_COLLISION_REPORT.md,YES,NO,FILE,??,??,YES,5211,b24596dc4d56c627f12e54713e80f8b353d9ecc30b9f7d1517212a6b0c91d363,NO,NO,NO,NO,NO,YES,
GCS-CL-02M-0218,CRISIS_LITURGIES/00_PROJECT_CONTROL/CL_PHASE_02_PLANNING/CL_PHASE_02_COLLISION_REPORT_v0.2.md,C:/Users/steve/Projects/gradient-institution/CRISIS_LITURGIES/00_PROJECT_CONTROL/CL_PHASE_02_PLANNING/CL_PHASE_02_COLLISION_REPORT_v0.2.md,YES,NO,FILE,??,??,YES,1439,f3e09b697be2f90da63d416f0174962db48ddb9c9e50395e95fdaba4f6658c7c,NO,NO,NO,NO,NO,YES,
GCS-CL-02M-0219,CRISIS_LITURGIES/00_PROJECT_CONTROL/CL_PHASE_02_PLANNING/CL_PHASE_02_PATH_REFERENCE_SCAN_PLAN.md,C:/Users/steve/Projects/gradient-institution/CRISIS_LITURGIES/00_PROJECT_CONTROL/CL_PHASE_02_PLANNING/CL_PHASE_02_PATH_REFERENCE_SCAN_PLAN.md,YES,NO,FILE,??,??,YES,4541,cf8a6069e070b609502af712bbada8ce4abd726a81c6afa3fe69e75110008c17,NO,NO,NO,NO,NO,YES,
GCS-CL-02M-0220,CRISIS_LITURGIES/00_PROJECT_CONTROL/CL_PHASE_02_PLANNING/CL_PHASE_02_PATH_REFERENCE_SCAN_PLAN_v0.2.md,C:/Users/steve/Projects/gradient-institution/CRISIS_LITURGIES/00_PROJECT_CONTROL/CL_PHASE_02_PLANNING/CL_PHASE_02_PATH_REFERENCE_SCAN_PLAN_v0.2.md,YES,NO,FILE,??,??,YES,861,0fdb852681e57dc808cf6861698186ea2833c5de4ff55a9838e1db4473cdd98f,NO,NO,NO,NO,NO,YES,
GCS-CL-02M-0221,CRISIS_LITURGIES/00_PROJECT_CONTROL/CL_PHASE_02_PLANNING/CL_PHASE_02_PLANNING_RECEIPT.md,C:/Users/steve/Projects/gradient-institution/CRISIS_LITURGIES/00_PROJECT_CONTROL/CL_PHASE_02_PLANNING/CL_PHASE_02_PLANNING_RECEIPT.md,YES,NO,FILE,??,??,YES,3925,c3464052c59c6501a15e329868ce9b37ce68d7c4dc2d5b954729167bbd913e4a,NO,NO,NO,NO,NO,YES,
GCS-CL-02M-0222,CRISIS_LITURGIES/00_PROJECT_CONTROL/CL_PHASE_02_PLANNING/CL_PHASE_02_PREEXISTING_PLANNING_AUTHORITY_LEDGER.md,C:/Users/steve/Projects/gradient-institution/CRISIS_LITURGIES/00_PROJECT_CONTROL/CL_PHASE_02_PLANNING/CL_PHASE_02_PREEXISTING_PLANNING_AUTHORITY_LEDGER.md,YES,NO,FILE,??,??,YES,16612,f609e6102295c51c9797440399ee722022fd562335d41a06667e20e0b0b66a14,NO,NO,NO,NO,NO,YES,
GCS-CL-02M-0223,CRISIS_LITURGIES/00_PROJECT_CONTROL/CL_PHASE_02_PLANNING/CL_PHASE_02_ROLLBACK_PLAN.md,C:/Users/steve/Projects/gradient-institution/CRISIS_LITURGIES/00_PROJECT_CONTROL/CL_PHASE_02_PLANNING/CL_PHASE_02_ROLLBACK_PLAN.md,YES,NO,FILE,??,??,YES,4261,65b12223790429e1da9d07950f61fb92a3c5d1219ff696378001bb2ebcafc0dd,NO,NO,NO,NO,NO,YES,
GCS-CL-02M-0224,CRISIS_LITURGIES/00_PROJECT_CONTROL/CL_PHASE_02_PLANNING/CL_PHASE_02_ROLLBACK_PLAN_v0.2.md,C:/Users/steve/Projects/gradient-institution/CRISIS_LITURGIES/00_PROJECT_CONTROL/CL_PHASE_02_PLANNING/CL_PHASE_02_ROLLBACK_PLAN_v0.2.md,YES,NO,FILE,??,??,YES,881,7ea9fd4b4f26264abdaf7096c9d448102f1cb181a298e6136eb15a683c18707d,NO,NO,NO,NO,NO,YES,
GCS-CL-02M-0225,CRISIS_LITURGIES/00_PROJECT_CONTROL/CL_PHASE_02_PLANNING/CL_PHASE_02_SOURCE_TO_TARGET_MAP.csv,C:/Users/steve/Projects/gradient-institution/CRISIS_LITURGIES/00_PROJECT_CONTROL/CL_PHASE_02_PLANNING/CL_PHASE_02_SOURCE_TO_TARGET_MAP.csv,YES,NO,FILE,??,??,YES,8241,68973b9f448663baed4bb62d92b9fd7eb5fb3518574a27d2b808f745912cc878,NO,NO,NO,NO,NO,YES,
GCS-CL-02M-0226,CRISIS_LITURGIES/00_PROJECT_CONTROL/CL_PHASE_02_PLANNING/CL_PHASE_02_SOURCE_TO_TARGET_MAP_v0.2.csv,C:/Users/steve/Projects/gradient-institution/CRISIS_LITURGIES/00_PROJECT_CONTROL/CL_PHASE_02_PLANNING/CL_PHASE_02_SOURCE_TO_TARGET_MAP_v0.2.csv,YES,NO,FILE,??,??,YES,9338,59c5d1487d5978d8a7c4daebe87ead9b6006faf0e380d70a0caf1cb41d64c1db,NO,NO,NO,NO,NO,YES,
GCS-CL-02M-0227,CRISIS_LITURGIES/00_PROJECT_CONTROL/CL_PHASE_02_PLANNING/CL_PHASE_02_TARGET_NAMESPACE_BLUEPRINT.md,C:/Users/steve/Projects/gradient-institution/CRISIS_LITURGIES/00_PROJECT_CONTROL/CL_PHASE_02_PLANNING/CL_PHASE_02_TARGET_NAMESPACE_BLUEPRINT.md,YES,NO,FILE,??,??,YES,7972,6f1881679dd71f216e7dad3a7e7d48e81ba9f79b015d91ea60313deefb933d4b,NO,NO,NO,NO,NO,YES,
GCS-CL-02M-0228,CRISIS_LITURGIES/00_PROJECT_CONTROL/CL_PHASE_02_PLANNING/CL_PHASE_02_TARGET_NAMESPACE_BLUEPRINT_v0.2.md,C:/Users/steve/Projects/gradient-institution/CRISIS_LITURGIES/00_PROJECT_CONTROL/CL_PHASE_02_PLANNING/CL_PHASE_02_TARGET_NAMESPACE_BLUEPRINT_v0.2.md,YES,NO,FILE,??,??,YES,3056,659be525579f427ad95f7776a847f33f382dce6eb75e85d30f760ff7f81bb51e,NO,NO,NO,NO,NO,YES,
GCS-CL-02M-0229,CRISIS_LITURGIES/00_PROJECT_CONTROL/CL_PHASE_02_PLANNING/CL_PHASE_02_TARGET_NAMESPACE_TREE.txt,C:/Users/steve/Projects/gradient-institution/CRISIS_LITURGIES/00_PROJECT_CONTROL/CL_PHASE_02_PLANNING/CL_PHASE_02_TARGET_NAMESPACE_TREE.txt,YES,NO,FILE,??,??,YES,3315,31094d48427a2cc4d71e2625bf8581a580e5ec4323a8be1a928bb0baeb9fd692,NO,NO,NO,NO,NO,YES,
GCS-CL-02M-0230,CRISIS_LITURGIES/00_PROJECT_CONTROL/CL_PHASE_02_PLANNING/CL_PHASE_02_TARGET_NAMESPACE_TREE_v0.2.txt,C:/Users/steve/Projects/gradient-institution/CRISIS_LITURGIES/00_PROJECT_CONTROL/CL_PHASE_02_PLANNING/CL_PHASE_02_TARGET_NAMESPACE_TREE_v0.2.txt,YES,NO,FILE,??,??,YES,1891,832714f364bb49663376b0430f14b7f170e36d297e2ba323fed98b11fbeac7b2,NO,NO,NO,NO,NO,YES,
GCS-CL-02M-0231,CRISIS_LITURGIES/00_PROJECT_CONTROL/CL_PHASE_02_PLANNING/SHA256SUMS_PHASE_02A.txt,C:/Users/steve/Projects/gradient-institution/CRISIS_LITURGIES/00_PROJECT_CONTROL/CL_PHASE_02_PLANNING/SHA256SUMS_PHASE_02A.txt,YES,NO,FILE,??,??,YES,1619,ef98580e397e9ee025d88d8ec9568e9e79c89204327717b55478b6425e50c892,NO,NO,NO,NO,NO,YES,
GCS-CL-02M-0232,CRISIS_LITURGIES/00_PROJECT_CONTROL/CL_PHASE_02_PLANNING/SHA256SUMS_PHASE_02A2.txt,C:/Users/steve/Projects/gradient-institution/CRISIS_LITURGIES/00_PROJECT_CONTROL/CL_PHASE_02_PLANNING/SHA256SUMS_PHASE_02A2.txt,YES,NO,FILE,??,??,YES,999,c85ad7ca6237c7a0515d6c14f9ddbf52ac2a8eb094b1f79d8e20048e13f7cd68,NO,NO,NO,NO,NO,YES,
GCS-CL-02M-0233,CRISIS_LITURGIES/00_PROJECT_CONTROL/CL_PHASE_02_PLANNING/SHA256SUMS_PHASE_02A3.txt,C:/Users/steve/Projects/gradient-institution/CRISIS_LITURGIES/00_PROJECT_CONTROL/CL_PHASE_02_PLANNING/SHA256SUMS_PHASE_02A3.txt,YES,NO,FILE,??,??,YES,985,946c41eac981e7853cbf10068db8823b5ad86c204f82457cb440795cf0dc812b,NO,NO,NO,NO,NO,YES,
GCS-CL-02M-1245,CRISIS_LITURGIES/00_PROJECT_CONTROL/CL_PHASE_02_PLANNING/CL_MIG_001_COPY_EXCEPTIONS.csv,C:/Users/steve/Projects/gradient-institution/CRISIS_LITURGIES/00_PROJECT_CONTROL/CL_PHASE_02_PLANNING/CL_MIG_001_COPY_EXCEPTIONS.csv,YES,YES,FILE,CLEAN_TRACKED,UNTRACKED_UNDER_PARENT,NO,41,5570c92bfe3b8c24257ab65482fd8002717faac63314425f2a955539371463cc,NO,NO,NO,NO,NO,NO,STATUS_CHANGED_SCOPE expected=UNTRACKED_UNDER_PARENT observed=CLEAN_TRACKED exists_in_HEAD=YES tracked=YES
GCS-CL-02M-1246,CRISIS_LITURGIES/00_PROJECT_CONTROL/CL_PHASE_02_PLANNING/CL_MIG_001_COPY_EXECUTION_LEDGER.csv,C:/Users/steve/Projects/gradient-institution/CRISIS_LITURGIES/00_PROJECT_CONTROL/CL_PHASE_02_PLANNING/CL_MIG_001_COPY_EXECUTION_LEDGER.csv,YES,YES,FILE,CLEAN_TRACKED,UNTRACKED_UNDER_PARENT,NO,19805,59de39bb953ea9422e925638db48dc810b952c9264bd8d94c8b81163bd6ec445,NO,NO,NO,NO,NO,NO,STATUS_CHANGED_SCOPE expected=UNTRACKED_UNDER_PARENT observed=CLEAN_TRACKED exists_in_HEAD=YES tracked=YES
GCS-CL-02M-1247,CRISIS_LITURGIES/00_PROJECT_CONTROL/CL_PHASE_02_PLANNING/CL_MIG_001_COPY_EXECUTION_RECEIPT.md,C:/Users/steve/Projects/gradient-institution/CRISIS_LITURGIES/00_PROJECT_CONTROL/CL_PHASE_02_PLANNING/CL_MIG_001_COPY_EXECUTION_RECEIPT.md,YES,YES,FILE,CLEAN_TRACKED,UNTRACKED_UNDER_PARENT,NO,879,f800024559011c407d8fb4e0cce1e05b6c929ef583cac0e6336d93276be0ddbc,NO,NO,NO,NO,NO,NO,STATUS_CHANGED_SCOPE expected=UNTRACKED_UNDER_PARENT observed=CLEAN_TRACKED exists_in_HEAD=YES tracked=YES
GCS-CL-02M-1248,CRISIS_LITURGIES/00_PROJECT_CONTROL/CL_PHASE_02_PLANNING/CL_MIG_001_COPY_EXECUTION_REPORT.md,C:/Users/steve/Projects/gradient-institution/CRISIS_LITURGIES/00_PROJECT_CONTROL/CL_PHASE_02_PLANNING/CL_MIG_001_COPY_EXECUTION_REPORT.md,YES,YES,FILE,CLEAN_TRACKED,UNTRACKED_UNDER_PARENT,NO,1722,d01d6baf53b8de39ed0b1657c634725264df0e68f8dce80a9ba3ce66fe412bc0,NO,NO,NO,NO,NO,NO,STATUS_CHANGED_SCOPE expected=UNTRACKED_UNDER_PARENT observed=CLEAN_TRACKED exists_in_HEAD=YES tracked=YES
GCS-CL-02M-1249,CRISIS_LITURGIES/00_PROJECT_CONTROL/CL_PHASE_02_PLANNING/CL_MIG_001_CREATED_DIRECTORIES.csv,C:/Users/steve/Projects/gradient-institution/CRISIS_LITURGIES/00_PROJECT_CONTROL/CL_PHASE_02_PLANNING/CL_MIG_001_CREATED_DIRECTORIES.csv,YES,YES,FILE,CLEAN_TRACKED,UNTRACKED_UNDER_PARENT,NO,2143,0bbb14b50737eabb5afcbd94c6b9016c359bbf2ec93fe5b20dbf1d474d063be0,NO,NO,NO,NO,NO,NO,STATUS_CHANGED_SCOPE expected=UNTRACKED_UNDER_PARENT observed=CLEAN_TRACKED exists_in_HEAD=YES tracked=YES
GCS-CL-02M-1250,CRISIS_LITURGIES/00_PROJECT_CONTROL/CL_PHASE_02_PLANNING/CL_MIG_001_PATH_REFERENCE_POST_COPY.csv,C:/Users/steve/Projects/gradient-institution/CRISIS_LITURGIES/00_PROJECT_CONTROL/CL_PHASE_02_PLANNING/CL_MIG_001_PATH_REFERENCE_POST_COPY.csv,YES,YES,FILE,CLEAN_TRACKED,UNTRACKED_UNDER_PARENT,NO,7235,e4e2631740a81e1decac162d97de4e275096d2585ef272d98daff12e37427d06,NO,NO,NO,NO,NO,NO,STATUS_CHANGED_SCOPE expected=UNTRACKED_UNDER_PARENT observed=CLEAN_TRACKED exists_in_HEAD=YES tracked=YES
GCS-CL-02M-1251,CRISIS_LITURGIES/00_PROJECT_CONTROL/CL_PHASE_02_PLANNING/CL_MIG_001_POST_COPY_VERIFICATION.csv,C:/Users/steve/Projects/gradient-institution/CRISIS_LITURGIES/00_PROJECT_CONTROL/CL_PHASE_02_PLANNING/CL_MIG_001_POST_COPY_VERIFICATION.csv,YES,YES,FILE,CLEAN_TRACKED,UNTRACKED_UNDER_PARENT,NO,12121,90f7045ea598bcd24ba3aaeeeae3e7fb713e74453a3a9d27c32ec44d73d12647,NO,NO,NO,NO,NO,NO,STATUS_CHANGED_SCOPE expected=UNTRACKED_UNDER_PARENT observed=CLEAN_TRACKED exists_in_HEAD=YES tracked=YES
GCS-CL-02M-1252,CRISIS_LITURGIES/00_PROJECT_CONTROL/CL_PHASE_02_PLANNING/CL_MIG_001_ROLLBACK_MANIFEST.json,C:/Users/steve/Projects/gradient-institution/CRISIS_LITURGIES/00_PROJECT_CONTROL/CL_PHASE_02_PLANNING/CL_MIG_001_ROLLBACK_MANIFEST.json,YES,YES,FILE,CLEAN_TRACKED,UNTRACKED_UNDER_PARENT,NO,16229,7cb9680ff833b6b4afd258e8bd82189bf6319f083d8dcc6ec9b492ab4f55e3b8,NO,NO,NO,NO,NO,NO,STATUS_CHANGED_SCOPE expected=UNTRACKED_UNDER_PARENT observed=CLEAN_TRACKED exists_in_HEAD=YES tracked=YES
GCS-CL-02M-1253,CRISIS_LITURGIES/00_PROJECT_CONTROL/CL_PHASE_02_PLANNING/CL_MIG_001_SOURCE_RETENTION_CHECK.csv,C:/Users/steve/Projects/gradient-institution/CRISIS_LITURGIES/00_PROJECT_CONTROL/CL_PHASE_02_PLANNING/CL_MIG_001_SOURCE_RETENTION_CHECK.csv,YES,YES,FILE,CLEAN_TRACKED,UNTRACKED_UNDER_PARENT,NO,12966,dc7857f41b957dac4288eaafb66722ddf07dae5fbc1ef1c9a485b93aa6bfb323,NO,NO,NO,NO,NO,NO,STATUS_CHANGED_SCOPE expected=UNTRACKED_UNDER_PARENT observed=CLEAN_TRACKED exists_in_HEAD=YES tracked=YES
GCS-CL-02M-1254,CRISIS_LITURGIES/00_PROJECT_CONTROL/CL_PHASE_02_PLANNING/SHA256SUMS_CL_MIG_001_EXECUTION.txt,C:/Users/steve/Projects/gradient-institution/CRISIS_LITURGIES/00_PROJECT_CONTROL/CL_PHASE_02_PLANNING/SHA256SUMS_CL_MIG_001_EXECUTION.txt,YES,YES,FILE,CLEAN_TRACKED,UNTRACKED_UNDER_PARENT,NO,929,5708ec7d58599d30bff7334b756467c68a90838039e95f38a7b4f661e2d6c736,NO,NO,NO,NO,NO,NO,STATUS_CHANGED_SCOPE expected=UNTRACKED_UNDER_PARENT observed=CLEAN_TRACKED exists_in_HEAD=YES tracked=YES
GCS-CL-02M-1255,CRISIS_LITURGIES/00_PROJECT_CONTROL/CL_PHASE_02_PLANNING/CL_MIG_001_COMMIT_CONTROL/CL_MIGRATION_MANIFEST.schema.v1.2.json,C:/Users/steve/Projects/gradient-institution/CRISIS_LITURGIES/00_PROJECT_CONTROL/CL_PHASE_02_PLANNING/CL_MIG_001_COMMIT_CONTROL/CL_MIGRATION_MANIFEST.schema.v1.2.json,YES,YES,FILE,CLEAN_TRACKED,UNTRACKED_UNDER_PARENT,NO,14429,c12385ab19f701a7e6d1623abfb77cc1178981e79ecd71b10e439b2d61a1cb85,NO,NO,NO,NO,NO,NO,STATUS_CHANGED_SCOPE expected=UNTRACKED_UNDER_PARENT observed=CLEAN_TRACKED exists_in_HEAD=YES tracked=YES
GCS-CL-02M-1256,CRISIS_LITURGIES/00_PROJECT_CONTROL/CL_PHASE_02_PLANNING/CL_MIG_001_COMMIT_CONTROL/CL_MIG_001_COPY_ONLY_AUTHORIZATION_RECORD_v1.0.md,C:/Users/steve/Projects/gradient-institution/CRISIS_LITURGIES/00_PROJECT_CONTROL/CL_PHASE_02_PLANNING/CL_MIG_001_COMMIT_CONTROL/CL_MIG_001_COPY_ONLY_AUTHORIZATION_RECORD_v1.0.md,YES,YES,FILE,CLEAN_TRACKED,UNTRACKED_UNDER_PARENT,NO,2303,c24734895282a1a4415f8a873bda116c637d7ea4aae59e42a21f6c40dbbd9bf2,NO,NO,NO,NO,NO,NO,STATUS_CHANGED_SCOPE expected=UNTRACKED_UNDER_PARENT observed=CLEAN_TRACKED exists_in_HEAD=YES tracked=YES
GCS-CL-02M-1257,CRISIS_LITURGIES/00_PROJECT_CONTROL/CL_PHASE_02_PLANNING/CL_MIG_001_COMMIT_CONTROL/CL_MIG_001_ISOLATED_COMMIT_ALLOWLIST.json,C:/Users/steve/Projects/gradient-institution/CRISIS_LITURGIES/00_PROJECT_CONTROL/CL_PHASE_02_PLANNING/CL_MIG_001_COMMIT_CONTROL/CL_MIG_001_ISOLATED_COMMIT_ALLOWLIST.json,YES,YES,FILE,CLEAN_TRACKED,UNTRACKED_UNDER_PARENT,NO,15715,a9571a573695c82154859db271abcfbb72c97c24416d861def347fc4f9bf6c39,NO,NO,NO,NO,NO,NO,STATUS_CHANGED_SCOPE expected=UNTRACKED_UNDER_PARENT observed=CLEAN_TRACKED exists_in_HEAD=YES tracked=YES
GCS-CL-02M-1258,CRISIS_LITURGIES/00_PROJECT_CONTROL/CL_PHASE_02_PLANNING/CL_MIG_001_COMMIT_CONTROL/CL_MIG_001_ISOLATED_COMMIT_AUTHORIZATION_RECORD_v1.0.md,C:/Users/steve/Projects/gradient-institution/CRISIS_LITURGIES/00_PROJECT_CONTROL/CL_PHASE_02_PLANNING/CL_MIG_001_COMMIT_CONTROL/CL_MIG_001_ISOLATED_COMMIT_AUTHORIZATION_RECORD_v1.0.md,YES,YES,FILE,CLEAN_TRACKED,UNTRACKED_UNDER_PARENT,NO,1716,ec9c658d9c7a0312b350536ce967b99aa92337489261e89df63fc1e2140ba6c2,NO,NO,NO,NO,NO,NO,STATUS_CHANGED_SCOPE expected=UNTRACKED_UNDER_PARENT observed=CLEAN_TRACKED exists_in_HEAD=YES tracked=YES
GCS-CL-02M-1259,CRISIS_LITURGIES/00_PROJECT_CONTROL/CL_PHASE_02_PLANNING/CL_MIG_001_COMMIT_CONTROL/CL_MIG_001_MIGRATION_MANIFEST_COPY_v1.2.1.json,C:/Users/steve/Projects/gradient-institution/CRISIS_LITURGIES/00_PROJECT_CONTROL/CL_PHASE_02_PLANNING/CL_MIG_001_COMMIT_CONTROL/CL_MIG_001_MIGRATION_MANIFEST_COPY_v1.2.1.json,YES,YES,FILE,CLEAN_TRACKED,UNTRACKED_UNDER_PARENT,NO,56784,702ddbb456ee0d83eda6ab796c9586a7420810a09bb2fac9e5a053b8b01c18cc,NO,NO,NO,NO,NO,NO,STATUS_CHANGED_SCOPE expected=UNTRACKED_UNDER_PARENT observed=CLEAN_TRACKED exists_in_HEAD=YES tracked=YES
GCS-CL-02M-1260,CRISIS_LITURGIES/00_PROJECT_CONTROL/CL_PHASE_02_PLANNING/CL_MIG_001_FINAL_CLOSURE_2026-07-13/CL_MIG_001_FINAL_VERIFICATION_AND_CLOSURE_v1.0.json,C:/Users/steve/Projects/gradient-institution/CRISIS_LITURGIES/00_PROJECT_CONTROL/CL_PHASE_02_PLANNING/CL_MIG_001_FINAL_CLOSURE_2026-07-13/CL_MIG_001_FINAL_VERIFICATION_AND_CLOSURE_v1.0.json,YES,YES,FILE,CLEAN_TRACKED,UNTRACKED_UNDER_PARENT,NO,1080,1c54af10792af26c0968fcb5ba2c2623882a95beffcb7b0fb13148fca47b9ba7,NO,NO,NO,NO,NO,NO,STATUS_CHANGED_SCOPE expected=UNTRACKED_UNDER_PARENT observed=CLEAN_TRACKED exists_in_HEAD=YES tracked=YES
GCS-CL-02M-1261,CRISIS_LITURGIES/00_PROJECT_CONTROL/CL_PHASE_02_PLANNING/CL_MIG_001_FINAL_CLOSURE_2026-07-13/CL_MIG_001_FINAL_VERIFICATION_AND_CLOSURE_v1.0.md,C:/Users/steve/Projects/gradient-institution/CRISIS_LITURGIES/00_PROJECT_CONTROL/CL_PHASE_02_PLANNING/CL_MIG_001_FINAL_CLOSURE_2026-07-13/CL_MIG_001_FINAL_VERIFICATION_AND_CLOSURE_v1.0.md,YES,YES,FILE,CLEAN_TRACKED,UNTRACKED_UNDER_PARENT,NO,3645,8374b32b3c07f1def14dc8225c4d45ee1b515d368b22b14f4ca496f3a8a3c36a,NO,NO,NO,NO,NO,NO,STATUS_CHANGED_SCOPE expected=UNTRACKED_UNDER_PARENT observed=CLEAN_TRACKED exists_in_HEAD=YES tracked=YES
GCS-CL-02M-1262,CRISIS_LITURGIES/00_PROJECT_CONTROL/CL_PHASE_02_PLANNING/CL_MIG_001_FINAL_CLOSURE_2026-07-13/SHA256SUMS.txt,C:/Users/steve/Projects/gradient-institution/CRISIS_LITURGIES/00_PROJECT_CONTROL/CL_PHASE_02_PLANNING/CL_MIG_001_FINAL_CLOSURE_2026-07-13/SHA256SUMS.txt,YES,YES,FILE,CLEAN_TRACKED,UNTRACKED_UNDER_PARENT,NO,234,4f55e8f9e2de71cc24a048f6180c178a4ed6382ed70a19b48b25c20120b4ffa5,NO,NO,NO,NO,NO,NO,STATUS_CHANGED_SCOPE expected=UNTRACKED_UNDER_PARENT observed=CLEAN_TRACKED exists_in_HEAD=YES tracked=YES
